id,observed_on,user_login,latitude,longitude,scientific_name,common_name,taxon_kingdom_name,taxon_phylum_name,taxon_subphylum_name,taxon_superclass_name,taxon_class_name,taxon_subclass_name,taxon_superorder_name,taxon_order_name,taxon_suborder_name,taxon_superfamily_name,taxon_family_name,taxon_subfamily_name,taxon_supertribe_name,taxon_tribe_name,taxon_subtribe_name,taxon_genus_name,taxon_genushybrid_name,taxon_species_name,taxon_hybrid_name,taxon_subspecies_name,taxon_variety_name,taxon_form_name,field:field site id,field:voucher number,field:voucher specimen taken
294071172,2025-06-29,rpitt,37.895375,-75.3655166667,Amanita flavoconia,Yellow Patches,Fungi,Basidiomycota,Agaricomycotina,,Agaricomycetes,Agaricomycetidae,,Agaricales,Pluteineae,,Amanitaceae,,,Amaniteae,,Amanita,,Amanita flavoconia,,,,,1_4_3,CBFS_0347 (RP_068),Yes
295729674,2025-07-05,rpitt,37.895595,-75.36525,Amanita amerirubescens,Amanita amerirubescens group,Fungi,Basidiomycota,Agaricomycotina,,Agaricomycetes,Agaricomycetidae,,Agaricales,Pluteineae,,Amanitaceae,,,Amaniteae,,Amanita,,,,,,,2_4_1,CBFS_0349 (RP_069),Yes
295729708,2025-07-05,rpitt,37.8955,-75.365775,Scleroderma citrinum,common earthball,Fungi,Basidiomycota,Agaricomycotina,,Agaricomycetes,Agaricomycetidae,,Boletales,Sclerodermatineae,,Sclerodermataceae,,,,,Scleroderma,,Scleroderma citrinum,,,,,2_4_3,CBFS_0348 (RP_071),Yes
295730416,2025-07-05,rpitt,37.8953583333,-75.3653333333,Amanita flavoconia,Yellow Patches,Fungi,Basidiomycota,Agaricomycotina,,Agaricomycetes,Agaricomycetidae,,Agaricales,Pluteineae,,Amanitaceae,,,Amaniteae,,Amanita,,Amanita flavoconia,,,,,2_4_1,CBFS_0346 (RP_064),Yes
297727074,2025-07-12,rpitt,37.8996666667,-75.3439166667,Marasmius,pinwheels and parachute mushrooms,Fungi,Basidiomycota,Agaricomycotina,,Agaricomycetes,Agaricomycetidae,,Agaricales,Marasmiineae,,Marasmiaceae,Marasmieae,,,,Marasmius,,,,,,,3_1_1,CBFS_0351 (RP_072),Yes
297735118,2025-07-12,rpitt,37.89937,-75.3437583333,Marasmius,pinwheels and parachute mushrooms,Fungi,Basidiomycota,Agaricomycotina,,Agaricomycetes,Agaricomycetidae,,Agaricales,Marasmiineae,,Marasmiaceae,Marasmieae,,,,Marasmius,,,,,,,3_1_1,CBFS_0352 (RP_086),Yes
297735378,2025-07-12,rpitt,37.8993116667,-75.3437883333,Marasmius,pinwheels and parachute mushrooms,Fungi,Basidiomycota,Agaricomycotina,,Agaricomycetes,Agaricomycetidae,,Agaricales,Marasmiineae,,Marasmiaceae,Marasmieae,,,,Marasmius,,,,,,,3_1_1,CBFS_0353 (RP_073),Yes
297736140,2025-07-12,rpitt,37.8997033333,-75.343445,Phloeomana speirea,Bark Bonnet,Fungi,Basidiomycota,Agaricomycotina,,Agaricomycetes,Agaricomycetidae,,Agaricales,Marasmiineae,,Porotheleaceae,,,,,Phloeomana,,Phloeomana speirea,,,,,3_1_2,CBFS_0356 (RP_076),Yes
297737571,2025-07-12,rpitt,37.8993616667,-75.3437633333,Marasmius,pinwheels and parachute mushrooms,Fungi,Basidiomycota,Agaricomycotina,,Agaricomycetes,Agaricomycetidae,,Agaricales,Marasmiineae,,Marasmiaceae,Marasmieae,,,,Marasmius,,,,,,,3_1_1,CBFS_0354 (RP_074),Yes
297742039,2025-07-12,rpitt,37.8991383333,-75.3437116667,Russula brevipes,Short-stemmed Russula,Fungi,Basidiomycota,Agaricomycotina,,Agaricomycetes,,,Russulales,,,Russulaceae,,,,,Russula,,Russula brevipes,,,,,3_1_3,CBFS_0357 (RP_078),Yes
297742072,2025-07-12,rpitt,37.8997283333,-75.3440866667,Fungi,Fungi Including Lichens,Fungi,,,,,,,,,,,,,,,,,,,,,,3_1_3,CBFS_0355 (RP_077),No
297743810,2025-07-12,rpitt,37.8954583333,-75.36525,Validae,Amanita Sect. Validae,Fungi,Basidiomycota,Agaricomycotina,,Agaricomycetes,Agaricomycetidae,,Agaricales,Pluteineae,,Amanitaceae,,,Amaniteae,,Amanita,,,,,,,3_4_1,CBFS_0358 (RP_080),Yes
297744050,2025-07-12,rpitt,37.8954383333,-75.3653716667,Amanita farinosa,American Floury Amanita,Fungi,Basidiomycota,Agaricomycotina,,Agaricomycetes,Agaricomycetidae,,Agaricales,Pluteineae,,Amanitaceae,,,Amaniteae,,Amanita,,Amanita farinosa,,,,,3_4_1,CBFS_0359 (RP_081),Yes
297744599,2025-07-12,rpitt,37.8954416667,-75.3653033333,Validae,Amanita Sect. Validae,Fungi,Basidiomycota,Agaricomycotina,,Agaricomycetes,Agaricomycetidae,,Agaricales,Pluteineae,,Amanitaceae,,,Amaniteae,,Amanita,,,,,,,3_4_1,CBFS_0360 (RP_082),Yes
297744846,2025-07-12,rpitt,37.89552,-75.3651416667,Irpex lacteus,Milk-white Toothed Polypore,Fungi,Basidiomycota,Agaricomycotina,,Agaricomycetes,,,Polyporales,,,Irpicaceae,,,,,Irpex,,Irpex lacteus,,,,,3_4_2,CBFS_0361 (RP_083),Yes
297745651,2025-07-12,rpitt,37.895155,-75.3735283333,Agaricales,Common Gilled Mushrooms and Allies,Fungi,Basidiomycota,Agaricomycotina,,Agaricomycetes,Agaricomycetidae,,Agaricales,,,,,,,,,,,,,,,3_6_1,CBFS_0363 (RP_085),Yes
297752816,2025-07-12,rpitt,37.9060884285,-75.3342136635,Marasmius,pinwheels and parachute mushrooms,Fungi,Basidiomycota,Agaricomycotina,,Agaricomycetes,Agaricomycetidae,,Agaricales,Marasmiineae,,Marasmiaceae,Marasmieae,,,,Marasmius,,,,,,,3_3_1,CBFS_0365 (RP_079),No
297754334,2025-07-12,rpitt,37.898683,-75.343827,Marasmius,pinwheels and parachute mushrooms,Fungi,Basidiomycota,Agaricomycotina,,Agaricomycetes,Agaricomycetidae,,Agaricales,Marasmiineae,,Marasmiaceae,Marasmieae,,,,Marasmius,,,,,,,3_1_1,CBFS_0364 (RP_075),No
299510645,2025-07-19,rpitt,37.8997616667,-75.3434533333,Amanita bisporigera,Eastern North American Destroying Angel,Fungi,Basidiomycota,Agaricomycotina,,Agaricomycetes,Agaricomycetidae,,Agaricales,Pluteineae,,Amanitaceae,,,Amaniteae,,Amanita,,Amanita bisporigera,,,,,4_1_2,CBFS_0362 (RP_090),Yes
299515057,2025-07-19,rpitt,37.9025216667,-75.3424,Amanita mutabilis,anise and raspberry limbed-lepidella,Fungi,Basidiomycota,Agaricomycotina,,Agaricomycetes,Agaricomycetidae,,Agaricales,Pluteineae,,Amanitaceae,,,Amaniteae,,Amanita,,Amanita mutabilis,,,,,4_2_3,CBFS_0364 (RP_091),Yes
299515131,2025-07-19,rpitt,37.9015883333,-75.342645,Pleurotus,Oyster Mushrooms,Fungi,Basidiomycota,Agaricomycotina,,Agaricomycetes,Agaricomycetidae,,Agaricales,Pleurotineae,,Pleurotaceae,,,,,Pleurotus,,,,,,,4_2_3,CBFS_0365 (RP_092),Yes
299516475,2025-07-19,rpitt,37.907855,-75.3343283333,Amanita mutabilis,anise and raspberry limbed-lepidella,Fungi,Basidiomycota,Agaricomycotina,,Agaricomycetes,Agaricomycetidae,,Agaricales,Pluteineae,,Amanitaceae,,,Amaniteae,,Amanita,,Amanita mutabilis,,,,,4_3_3,CBFS_0366 (RP_093),Yes
299516677,2025-07-19,rpitt,37.9077833333,-75.3343283333,Agaricales,Common Gilled Mushrooms and Allies,Fungi,Basidiomycota,Agaricomycotina,,Agaricomycetes,Agaricomycetidae,,Agaricales,,,,,,,,,,,,,,,4_3_3,CBFS_0367 (RP_094),Yes
299521868,2025-07-19,marinemycoholic,37.899275,-75.3436416667,Amanita flavoconia,Yellow Patches,Fungi,Basidiomycota,Agaricomycotina,,Agaricomycetes,Agaricomycetidae,,Agaricales,Pluteineae,,Amanitaceae,,,Amaniteae,,Amanita,,Amanita flavoconia,,,,,4_1_1,CBFS_0378 (RP_088),Yes
299522263,2025-07-19,rpitt,37.8953866667,-75.36532,Agaricales,Common Gilled Mushrooms and Allies,Fungi,Basidiomycota,Agaricomycotina,,Agaricomycetes,Agaricomycetidae,,Agaricales,,,,,,,,,,,,,,,4_4_1,CBFS_0368 (RP_095),Yes
299522744,2025-07-19,marinemycoholic,37.8994583333,-75.3439666667,Lepiota atrodisca,,Fungi,Basidiomycota,Agaricomycotina,,Agaricomycetes,Agaricomycetidae,,Agaricales,Agaricineae,,Agaricaceae,,,Leucocoprineae,,Leucocoprinus,,Lepiota atrodisca,,,,,4_1_1,CBFS_0379 (RP_089),Yes
299523148,2025-07-19,rpitt,37.8993633333,-75.3437116667,Amanita,amanita mushrooms,Fungi,Basidiomycota,Agaricomycotina,,Agaricomycetes,Agaricomycetidae,,Agaricales,Pluteineae,,Amanitaceae,,,Amaniteae,,Amanita,,,,,,,4_1_1,CBFS_0369 (RP_087),Yes
299524886,2025-07-19,marinemycoholic,37.8954777778,-75.365225,Marasmius nigrodiscus,,Fungi,Basidiomycota,Agaricomycotina,,Agaricomycetes,Agaricomycetidae,,Agaricales,Marasmiineae,,Marasmiaceae,Marasmieae,,,,Marasmius,,Marasmius nigrodiscus,,,,,4_4_1,CBFS_0380 (RP_097),Yes
299525433,2025-07-19,marinemycoholic,37.8955,-75.3650583333,Amanita amerirubescens,Amanita amerirubescens group,Fungi,Basidiomycota,Agaricomycotina,,Agaricomycetes,Agaricomycetidae,,Agaricales,Pluteineae,,Amanitaceae,,,Amaniteae,,Amanita,,,,,,,4_4_1,CBFS_0381 (RP_100),Yes
299525639,2025-07-19,marinemycoholic,37.8952388889,-75.3651805556,Amanita flavoconia,Yellow Patches,Fungi,Basidiomycota,Agaricomycotina,,Agaricomycetes,Agaricomycetidae,,Agaricales,Pluteineae,,Amanitaceae,,,Amaniteae,,Amanita,,Amanita flavoconia,,,,,4_4_2,CBFS_0382 (RP_111),Yes
299530835,2025-07-19,rpitt,37.8954366667,-75.3652283333,Marasmius,pinwheels and parachute mushrooms,Fungi,Basidiomycota,Agaricomycotina,,Agaricomycetes,Agaricomycetidae,,Agaricales,Marasmiineae,,Marasmiaceae,Marasmieae,,,,Marasmius,,,,,,,4_4_1,CBFS_0370 (RP_096),Yes
299531634,2025-07-19,rpitt,37.89538,-75.36522,Pluteus cervinus,,Fungi,Basidiomycota,Agaricomycotina,,Agaricomycetes,Agaricomycetidae,,Agaricales,Pluteineae,,Pluteaceae,,,,,Pluteus,,,,,,,4_4_1,CBFS_0371 (RP_098),Yes
299531754,2025-07-19,rpitt,37.89538,-75.365295,Agaricales,Common Gilled Mushrooms and Allies,Fungi,Basidiomycota,Agaricomycotina,,Agaricomycetes,Agaricomycetidae,,Agaricales,,,,,,,,,,,,,,,4_4_1,CBFS_0372 (RP_099),Yes
299533055,2025-07-19,rpitt,37.895455,-75.3650966667,Amanita russuloides,Russula-like Amanita,Fungi,Basidiomycota,Agaricomycotina,,Agaricomycetes,Agaricomycetidae,,Agaricales,Pluteineae,,Amanitaceae,,,Amaniteae,,Amanita,,Amanita russuloides,,,,,4_4_2,CBFS_0373 (RP_101),Yes
299533477,2025-07-19,rpitt,37.89543,-75.365045,Strobilomyces confusus,,Fungi,Basidiomycota,Agaricomycotina,,Agaricomycetes,Agaricomycetidae,,Boletales,,,Boletaceae,,,,,Strobilomyces,,Strobilomyces confusus,,,,,4_4_2,CBFS_0374 (RP_102),Yes
299536722,2025-07-19,rpitt,37.8954416667,-75.364975,Marasmius oreades,fairy ring marasmius,Fungi,Basidiomycota,Agaricomycotina,,Agaricomycetes,Agaricomycetidae,,Agaricales,Marasmiineae,,Marasmiaceae,Marasmieae,,,,Marasmius,,Marasmius oreades,,,,,4_4_2,CBFS_0375 (RP_103),Yes
299538925,2025-07-19,rpitt,37.894505,-75.3736583333,Strobilomyces confusus,,Fungi,Basidiomycota,Agaricomycotina,,Agaricomycetes,Agaricomycetidae,,Boletales,,,Boletaceae,,,,,Strobilomyces,,Strobilomyces confusus,,,,,4_6_2,CBFS_0376 (RP_105),Yes
299539535,2025-07-19,rpitt,37.8953866667,-75.3655916667,Lanmaoa pseudosensibilis,,Fungi,Basidiomycota,Agaricomycotina,,Agaricomycetes,Agaricomycetidae,,Boletales,,,Boletaceae,Suillelloideae,,,,Lanmaoa,,Lanmaoa pseudosensibilis,,,,,4_4_3,CBFS_0377 (RP_112),Yes
302181648,2025-07-29,hson1,37.90707,-75.3343366667,Phylloporus,,Fungi,Basidiomycota,Agaricomycotina,,Agaricomycetes,Agaricomycetidae,,Boletales,,,Boletaceae,Xerocomoideae,,,,Phylloporus,,,,,,,5_3_1,CBFS_0446 (FWF_13),Yes
302182034,2025-07-29,hson1,37.90268,-75.3419283333,Amanita amerirubescens,Amanita amerirubescens group,Fungi,Basidiomycota,Agaricomycotina,,Agaricomycetes,Agaricomycetidae,,Agaricales,Pluteineae,,Amanitaceae,,,Amaniteae,,Amanita,,,,,,,5_2_1,CBFS_0442 (FWF_09),Yes
302182482,2025-07-29,hson1,37.8951633333,-75.37358,Amanita,amanita mushrooms,Fungi,Basidiomycota,Agaricomycotina,,Agaricomycetes,Agaricomycetidae,,Agaricales,Pluteineae,,Amanitaceae,,,Amaniteae,,Amanita,,,,,,,5_6_1,CBFS_0434 (FWF_01),Yes
302188913,2025-07-29,jasperiuss,37.9072972222,-75.3344333333,Amanita mutabilis,anise and raspberry limbed-lepidella,Fungi,Basidiomycota,Agaricomycotina,,Agaricomycetes,Agaricomycetidae,,Agaricales,Pluteineae,,Amanitaceae,,,Amaniteae,,Amanita,,Amanita mutabilis,,,,,5_3_2,CBFS_0432 (GD_18),Yes
302189337,2025-07-29,gcorrao1,37.8997583333,-75.343505,Scleroderma citrinum,common earthball,Fungi,Basidiomycota,Agaricomycotina,,Agaricomycetes,Agaricomycetidae,,Boletales,Sclerodermatineae,,Sclerodermataceae,,,,,Scleroderma,,Scleroderma citrinum,,,,,5_1_2,CBFS_0425 (GD_12),Yes
302189825,2025-07-29,jasperiuss,37.9025,-75.3421,Boletoideae,,Fungi,Basidiomycota,Agaricomycotina,,Agaricomycetes,Agaricomycetidae,,Boletales,,,Boletaceae,Boletoideae,,,,,,,,,,,5_2_2,CBFS_0429 (GD_15),Yes
302190048,2025-07-29,gcorrao1,37.895375,-75.3656533333,Amanita flavoconia,Yellow Patches,Fungi,Basidiomycota,Agaricomycotina,,Agaricomycetes,Agaricomycetidae,,Agaricales,Pluteineae,,Amanitaceae,,,Amaniteae,,Amanita,,Amanita flavoconia,,,,,5_4_3,CBFS_0421 (GD_08),Yes
302190858,2025-07-29,devlinolin,37.8944033333,-75.3737716667,Russula brevipes,Short-stemmed Russula,Fungi,Basidiomycota,Agaricomycotina,,Agaricomycetes,,,Russulales,,,Russulaceae,,,,,Russula,,Russula brevipes,,,,,5_6_3,CBFS_0414 (GD_03),Yes
302191081,2025-07-29,jasperiuss,37.8996777778,-75.3438138889,Russula brevipes,Short-stemmed Russula,Fungi,Basidiomycota,Agaricomycotina,,Agaricomycetes,,,Russulales,,,Russulaceae,,,,,Russula,,Russula brevipes,,,,,5_1_2,CBFS_0426 (GD_13),Yes
302191357,2025-07-29,devlinolin,37.8942083333,-75.3738166667,Amanita mutabilis,anise and raspberry limbed-lepidella,Fungi,Basidiomycota,Agaricomycotina,,Agaricomycetes,Agaricomycetidae,,Agaricales,Pluteineae,,Amanitaceae,,,Amaniteae,,Amanita,,Amanita mutabilis,,,,,5_6_3,CBFS_0419 (GD_06),Yes
302191819,2025-07-29,jasperiuss,37.8957111111,-75.3656972222,Scleroderma citrinum,common earthball,Fungi,Basidiomycota,Agaricomycotina,,Agaricomycetes,Agaricomycetidae,,Boletales,Sclerodermatineae,,Sclerodermataceae,,,,,Scleroderma,,Scleroderma citrinum,,,,,5_4_3,CBFS_0422 (GD_09),Yes
302193110,2025-07-29,devlinolin,37.8999033333,-75.3435883333,Tylopilus felleus,Bitter Bolete,Fungi,Basidiomycota,Agaricomycotina,,Agaricomycetes,Agaricomycetidae,,Boletales,,,Boletaceae,Boletoideae,,,,Tylopilus,,Tylopilus felleus,,,,,5_1_2,CBFS_0423 (GD_10),Yes
302193887,2025-07-29,devlinolin,37.8999166667,-75.3435666667,Amanita,amanita mushrooms,Fungi,Basidiomycota,Agaricomycotina,,Agaricomycetes,Agaricomycetidae,,Agaricales,Pluteineae,,Amanitaceae,,,Amaniteae,,Amanita,,,,,,,5_1_2,CBFS_0424 (GD_11),Yes
302193927,2025-07-29,jasperiuss,37.8944861111,-75.3739861111,Amanitina,Amanita subg. Amanitina,Fungi,Basidiomycota,Agaricomycotina,,Agaricomycetes,Agaricomycetidae,,Agaricales,Pluteineae,,Amanitaceae,,,Amaniteae,,Amanita,,,,,,,5_6_3,CBFS_0418 (GD_04),Yes
302194372,2025-07-29,gcorrao1,37.8959783333,-75.3721783333,Agaricales,Common Gilled Mushrooms and Allies,Fungi,Basidiomycota,Agaricomycotina,,Agaricomycetes,Agaricomycetidae,,Agaricales,,,,,,,,,,,,,,,5_5_3,CBFS_0420 (GD_07),Yes
302194431,2025-07-29,devlinolin,37.907425,-75.3343666667,Phylloporus,,Fungi,Basidiomycota,Agaricomycotina,,Agaricomycetes,Agaricomycetidae,,Boletales,,,Boletaceae,Xerocomoideae,,,,Phylloporus,,,,,,,5_3_2,CBFS_0433 (GD_19),Yes
302221781,2025-07-29,keaganups,37.8941716667,-75.3740466667,Agaricales,Common Gilled Mushrooms and Allies,Fungi,Basidiomycota,Agaricomycotina,,Agaricomycetes,Agaricomycetidae,,Agaricales,,,,,,,,,,,,,,,5_6_3,CBFS_0412 (GD_01),Yes
302222064,2025-07-29,keaganups,37.8942383333,-75.3739383333,Strobilomyces,,Fungi,Basidiomycota,Agaricomycotina,,Agaricomycetes,Agaricomycetidae,,Boletales,,,Boletaceae,,,,,Strobilomyces,,,,,,,5_6_3,CBFS_0413 (GD_02),Yes
302222486,2025-07-29,keaganups,37.9028133333,-75.3421333333,Boletaceae,boletes,Fungi,Basidiomycota,Agaricomycotina,,Agaricomycetes,Agaricomycetidae,,Boletales,,,Boletaceae,,,,,,,,,,,,5_2_2,CBFS_0428 (RP_14),Yes
302223111,2025-07-29,keaganups,37.9027033333,-75.3422166667,Gyroporus subalbellus,,Fungi,Basidiomycota,Agaricomycotina,,Agaricomycetes,Agaricomycetidae,,Boletales,Sclerodermatineae,,Gyroporaceae,,,,,Gyroporus,,Gyroporus subalbellus,,,,,5_2_2,CBFS_0430 (GD_16),Yes
302223386,2025-07-29,keaganups,37.90728,-75.3343666667,Amanita amerirubescens,Amanita amerirubescens group,Fungi,Basidiomycota,Agaricomycotina,,Agaricomycetes,Agaricomycetidae,,Agaricales,Pluteineae,,Amanitaceae,,,Amaniteae,,Amanita,,,,,,,5_3_2,CBFS_0431 (GD_17),Yes
302228700,2025-07-29,conor88686,37.89501944,-75.37368889,Amanita russuloides,Russula-like Amanita,Fungi,Basidiomycota,Agaricomycotina,,Agaricomycetes,Agaricomycetidae,,Agaricales,Pluteineae,,Amanitaceae,,,Amaniteae,,Amanita,,Amanita russuloides,,,,,5_6_2,CBFS_0448 (MM_15),Yes
302233679,2025-07-29,conor88686,37.89967778,-75.34401667,Russula brevipes,Short-stemmed Russula,Fungi,Basidiomycota,Agaricomycotina,,Agaricomycetes,,,Russulales,,,Russulaceae,,,,,Russula,,Russula brevipes,,,,,5_1_3,CBFS_0449 (MM_03),Yes
302234299,2025-07-29,johnkarwowski,37.894695,-75.3736716667,Amanita mutabilis,anise and raspberry limbed-lepidella,Fungi,Basidiomycota,Agaricomycotina,,Agaricomycetes,Agaricomycetidae,,Agaricales,Pluteineae,,Amanitaceae,,,Amaniteae,,Amanita,,Amanita mutabilis,,,,,5_6_2,CBFS_0447 (MM_01),Yes
302235224,2025-07-29,johnkarwowski,37.8963666667,-75.3269366667,Russula brevipes,Short-stemmed Russula,Fungi,Basidiomycota,Agaricomycotina,,Agaricomycetes,,,Russulales,,,Russulaceae,,,,,Russula,,Russula brevipes,,,,,5_1_3,CBFS_0450 (MM_04),Yes
302236015,2025-07-29,conor88686,37.90256944,-75.34253056,Agaricineae,,Fungi,Basidiomycota,Agaricomycotina,,Agaricomycetes,Agaricomycetidae,,Agaricales,Agaricineae,,,,,,,,,,,,,,5_2_3,CBFS_0452 (MM_07),Yes
302238011,2025-07-29,johnkarwowski,37.90248,-75.3423466667,Strobilomyces,,Fungi,Basidiomycota,Agaricomycotina,,Agaricomycetes,Agaricomycetidae,,Boletales,,,Boletaceae,,,,,Strobilomyces,,,,,,,5_2_3,CBFS_0453 (MM_08),Yes
302239420,2025-07-29,johnkarwowski,37.9025,-75.34268,Boletaceae,boletes,Fungi,Basidiomycota,Agaricomycotina,,Agaricomycetes,Agaricomycetidae,,Boletales,,,Boletaceae,,,,,,,,,,,,5_2_3,CBFS_0456 (MM_11),Yes
302240614,2025-07-29,johnkarwowski,37.90775,-75.334245,Agaricales,Common Gilled Mushrooms and Allies,Fungi,Basidiomycota,Agaricomycotina,,Agaricomycetes,Agaricomycetidae,,Agaricales,,,,,,,,,,,,,,,5_3_3,CBFS_0459 (MM_14),Yes
302241145,2025-07-29,conor88686,37.90252222,-75.342475,Amanita brunnescens,Brown American Star-footed Amanita,Fungi,Basidiomycota,Agaricomycotina,,Agaricomycetes,Agaricomycetidae,,Agaricales,Pluteineae,,Amanitaceae,,,Amaniteae,,Amanita,,Amanita brunnescens,,,,,5_2_3,CBFS_0455 (MM_10),Yes
302253722,2025-07-29,tristan120r,37.8948283333,-75.3737633333,Amanita amerirubescens,Amanita amerirubescens group,Fungi,Basidiomycota,Agaricomycotina,,Agaricomycetes,Agaricomycetidae,,Agaricales,Pluteineae,,Amanitaceae,,,Amaniteae,,Amanita,,,,,,,5_6_2,MM_02,No
302255202,2025-07-29,tristan120r,37.8996883333,-75.34413,Russula brevipes,Short-stemmed Russula,Fungi,Basidiomycota,Agaricomycotina,,Agaricomycetes,,,Russulales,,,Russulaceae,,,,,Russula,,Russula brevipes,,,,,5_1_3,MM_06,No
302255797,2025-07-29,tristan120r,37.8997216667,-75.344125,Russula brevipes,Short-stemmed Russula,Fungi,Basidiomycota,Agaricomycotina,,Agaricomycetes,,,Russulales,,,Russulaceae,,,,,Russula,,Russula brevipes,,,,,5_1_3,CBFS_0451 (MM_05),Yes
302256135,2025-07-29,tristan120r,37.9024966667,-75.34243,Phylloporus leucomycelinus,Gilled Bolete,Fungi,Basidiomycota,Agaricomycotina,,Agaricomycetes,Agaricomycetidae,,Boletales,,,Boletaceae,Xerocomoideae,,,,Phylloporus,,Phylloporus leucomycelinus,,,,,5_2_3,CBFS_0454 (MM_09),Yes
302256495,2025-07-29,tristan120r,37.9075966667,-75.3341966667,Phylloporus,,Fungi,Basidiomycota,Agaricomycotina,,Agaricomycetes,Agaricomycetidae,,Boletales,,,Boletaceae,Xerocomoideae,,,,Phylloporus,,,,,,,5_3_3,CBFS_0457 (MM_12),Yes
302256798,2025-07-29,tristan120r,37.907825,-75.334275,Amanita mutabilis,anise and raspberry limbed-lepidella,Fungi,Basidiomycota,Agaricomycotina,,Agaricomycetes,Agaricomycetidae,,Agaricales,Pluteineae,,Amanitaceae,,,Amaniteae,,Amanita,,Amanita mutabilis,,,,,5_3_3,CBFS_0458 (MM_13),Yes
302262274,2025-07-29,mhalczak,37.8952023554,-75.3735848134,Amanita polypyramis,Plateful of Pyramids Lepidella,Fungi,Basidiomycota,Agaricomycotina,,Agaricomycetes,Agaricomycetidae,,Agaricales,Pluteineae,,Amanitaceae,,,Amaniteae,,Amanita,,Amanita polypyramis,,,,,5_6_1,CBFS_0435 (FWF_02),Yes
302266683,2025-07-29,mhalczak,37.896825225,-75.3733656365,Scleroderma citrinum,common earthball,Fungi,Basidiomycota,Agaricomycotina,,Agaricomycetes,Agaricomycetidae,,Boletales,Sclerodermatineae,,Sclerodermataceae,,,,,Scleroderma,,Scleroderma citrinum,,,,,5_4_1,CBFS_0437 (FWF_04),Yes
302267339,2025-07-29,mhalczak,37.8977988517,-75.3721491091,Amanita flavoconia,Yellow Patches,Fungi,Basidiomycota,Agaricomycotina,,Agaricomycetes,Agaricomycetidae,,Agaricales,Pluteineae,,Amanitaceae,,,Amaniteae,,Amanita,,Amanita flavoconia,,,,,5_4_1,CBFS_0436 (FWF_03),Yes
302268200,2025-07-29,joshua_polinsky,37.90244,-75.34136,Scleroderma,earthballs,Fungi,Basidiomycota,Agaricomycotina,,Agaricomycetes,Agaricomycetidae,,Boletales,Sclerodermatineae,,Sclerodermataceae,,,,,Scleroderma,,,,,,,5_2_1,CBFS_0444 (FWF_11),Yes
302268653,2025-07-29,mhalczak,37.9000778439,-75.3437043081,Amanita flavoconia,Yellow Patches,Fungi,Basidiomycota,Agaricomycotina,,Agaricomycetes,Agaricomycetidae,,Agaricales,Pluteineae,,Amanitaceae,,,Amaniteae,,Amanita,,Amanita flavoconia,,,,,5_1_1,CBFS_0438 (FWF_04),Yes
302269853,2025-07-29,mhalczak,37.9001857074,-75.3436232762,Russula brevipes,Short-stemmed Russula,Fungi,Basidiomycota,Agaricomycotina,,Agaricomycetes,,,Russulales,,,Russulaceae,,,,,Russula,,Russula brevipes,,,,,5_1_1,CBFS_0439 (FWF_06),Yes
302270523,2025-07-29,mhalczak,37.9023194857,-75.3405045227,Strobilomyces,,Fungi,Basidiomycota,Agaricomycotina,,Agaricomycetes,Agaricomycetidae,,Boletales,,,Boletaceae,,,,,Strobilomyces,,,,,,,5_1_1,CBFS_0440 (FWF_07),Yes
302271583,2025-07-29,mhalczak,37.9023215444,-75.3405338445,Boletaceae,boletes,Fungi,Basidiomycota,Agaricomycotina,,Agaricomycetes,Agaricomycetidae,,Boletales,,,Boletaceae,,,,,,,,,,,,5_2_1,CBFS_0441 (FWF_08),Yes
302272094,2025-07-29,mhalczak,37.902347646,-75.3410964997,Tylopilus,,Fungi,Basidiomycota,Agaricomycotina,,Agaricomycetes,Agaricomycetidae,,Boletales,,,Boletaceae,Boletoideae,,,,Tylopilus,,,,,,,5_2_1,CBFS_0443 (FWF_10),Yes
302273362,2025-07-29,mhalczak,37.9026155254,-75.3409363482,Amanita,amanita mushrooms,Fungi,Basidiomycota,Agaricomycotina,,Agaricomycetes,Agaricomycetidae,,Agaricales,Pluteineae,,Amanitaceae,,,Amaniteae,,Amanita,,,,,,,5_2_1,CBFS_0445 (FWF_12),Yes
303507998,2025-08-03,tristan120r,37.894445,-75.373855,Russula brevipes,Short-stemmed Russula,Fungi,Basidiomycota,Agaricomycotina,,Agaricomycetes,,,Russulales,,,Russulaceae,,,,,Russula,,Russula brevipes,,,,,6_6_3,CBFS_0481 (C_09),Yes
303510556,2025-08-03,johnkarwowski,37.8971666667,-75.3724583333,Russula brevipes,Short-stemmed Russula,Fungi,Basidiomycota,Agaricomycotina,,Agaricomycetes,,,Russulales,,,Russulaceae,,,,,Russula,,Russula brevipes,,,,,6_5_1,CBFS_0482 (A_09),Yes
303511287,2025-08-03,johnkarwowski,37.89693,-75.37223,Boletaceae,boletes,Fungi,Basidiomycota,Agaricomycotina,,Agaricomycetes,Agaricomycetidae,,Boletales,,,Boletaceae,,,,,,,,,,,,6_5_1,A_08,No
303511863,2025-08-03,rpitt,37.8995083333,-75.34372,Russula brevipes,Short-stemmed Russula,Fungi,Basidiomycota,Agaricomycotina,,Agaricomycetes,,,Russulales,,,Russulaceae,,,,,Russula,,Russula brevipes,,,,,6_1_1,C_02,No
303511907,2025-08-03,johnkarwowski,37.8969783333,-75.3722383333,Strobilomyces,,Fungi,Basidiomycota,Agaricomycotina,,Agaricomycetes,Agaricomycetidae,,Boletales,,,Boletaceae,,,,,Strobilomyces,,,,,,,6_2_1,CBFS_0484 (A_02),Yes
303511992,2025-08-03,rpitt,37.8955783333,-75.3657,Scleroderma citrinum,common earthball,Fungi,Basidiomycota,Agaricomycotina,,Agaricomycetes,Agaricomycetidae,,Boletales,Sclerodermatineae,,Sclerodermataceae,,,,,Scleroderma,,Scleroderma citrinum,,,,,6_4_3,CBFS_0485 (C_05),Yes
303512158,2025-08-03,rpitt,37.89613,-75.3721783333,Russula,brittlegills,Fungi,Basidiomycota,Agaricomycotina,,Agaricomycetes,,,Russulales,,,Russulaceae,,,,,Russula,,,,,,,6_5_3,CBFS_0486 (C_06),Yes
303512310,2025-08-03,rpitt,37.8960716667,-75.3722833333,Russula brevipes,Short-stemmed Russula,Fungi,Basidiomycota,Agaricomycotina,,Agaricomycetes,,,Russulales,,,Russulaceae,,,,,Russula,,Russula brevipes,,,,,6_5_2,CBFS_0487 (C_07),Yes
303512431,2025-08-03,marinemycoholic,37.9022444444,-75.3415666667,Amanita mutabilis,anise and raspberry limbed-lepidella,Fungi,Basidiomycota,Agaricomycotina,,Agaricomycetes,Agaricomycetidae,,Agaricales,Pluteineae,,Amanitaceae,,,Amaniteae,,Amanita,,Amanita mutabilis,,,,,6_2_1,CBFS_0488 (A_01),Yes
303512718,2025-08-03,marinemycoholic,37.9026916667,-75.3419777778,Alessioporus rubriflavus,,Fungi,Basidiomycota,Agaricomycotina,,Agaricomycetes,Agaricomycetidae,,Boletales,,,Boletaceae,Xerocomoideae,,,,Alessioporus,,Alessioporus rubriflavus,,,,,6_2_1,A_03,No
303513096,2025-08-03,marinemycoholic,37.9071333333,-75.3346416667,Amanita,amanita mushrooms,Fungi,Basidiomycota,Agaricomycotina,,Agaricomycetes,Agaricomycetidae,,Agaricales,Pluteineae,,Amanitaceae,,,Amaniteae,,Amanita,,,,,,,6_3_1,A_04,No
303513737,2025-08-03,marinemycoholic,37.895375,-75.3653472222,Marasmius nigrodiscus,,Fungi,Basidiomycota,Agaricomycotina,,Agaricomycetes,Agaricomycetidae,,Agaricales,Marasmiineae,,Marasmiaceae,Marasmieae,,,,Marasmius,,Marasmius nigrodiscus,,,,,6_4_1,CBFS_0489 (A_05),Yes
303514080,2025-08-03,marinemycoholic,37.8955916667,-75.3652916667,Scleroderma citrinum,common earthball,Fungi,Basidiomycota,Agaricomycotina,,Agaricomycetes,Agaricomycetidae,,Boletales,Sclerodermatineae,,Sclerodermataceae,,,,,Scleroderma,,Scleroderma citrinum,,,,,6_4_1,CBFS_0490 (A_06),Yes
303514696,2025-08-03,marinemycoholic,37.8952944444,-75.3548805556,Amanita brunnescens,Brown American Star-footed Amanita,Fungi,Basidiomycota,Agaricomycotina,,Agaricomycetes,Agaricomycetidae,,Agaricales,Pluteineae,,Amanitaceae,,,Amaniteae,,Amanita,,Amanita brunnescens,,,,,6_4_1,CBFS_0491 (A_07),Yes
303515224,2025-08-03,marinemycoholic,37.8951805556,-75.3733666667,Amanita,amanita mushrooms,Fungi,Basidiomycota,Agaricomycotina,,Agaricomycetes,Agaricomycetidae,,Agaricales,Pluteineae,,Amanitaceae,,,Amaniteae,,Amanita,,,,,,,6_6_1,CBFS_0492 (A_10),Yes
303515599,2025-08-03,marinemycoholic,37.8952166667,-75.3734333333,Amanita mutabilis,anise and raspberry limbed-lepidella,Fungi,Basidiomycota,Agaricomycotina,,Agaricomycetes,Agaricomycetidae,,Agaricales,Pluteineae,,Amanitaceae,,,Amaniteae,,Amanita,,Amanita mutabilis,,,,,6_6_1,CBFS_0493 (A_11),Yes
303518569,2025-08-03,hson1,37.8947116667,-75.37358,Amanita mutabilis,anise and raspberry limbed-lepidella,Fungi,Basidiomycota,Agaricomycotina,,Agaricomycetes,Agaricomycetidae,,Agaricales,Pluteineae,,Amanitaceae,,,Amaniteae,,Amanita,,Amanita mutabilis,,,,,6_6_2,CBFS_0505 (B_05),Yes
303533982,2025-08-03,hson1,37.8997283333,-75.3440633333,Russula brevipes,Short-stemmed Russula,Fungi,Basidiomycota,Agaricomycotina,,Agaricomycetes,,,Russulales,,,Russulaceae,,,,,Russula,,Russula brevipes,,,,,6_1_3,CBFS_0505 (B_02),Yes
303548262,2025-08-03,tristan120r,37.895395,-75.3658,Scleroderma citrinum,common earthball,Fungi,Basidiomycota,Agaricomycotina,,Agaricomycetes,Agaricomycetidae,,Boletales,Sclerodermatineae,,Sclerodermataceae,,,,,Scleroderma,,Scleroderma citrinum,,,,,6_4_3,CBFS_0506 (C_04),Yes
303569960,2025-08-03,rpitt,37.8995333333,-75.343645,Tylopilus rhoadsiae,pale bitter bolete,Fungi,Basidiomycota,Agaricomycotina,,Agaricomycetes,Agaricomycetidae,,Boletales,,,Boletaceae,Boletoideae,,,,Tylopilus,,Tylopilus rhoadsiae,,,,,6_1_1,CBFS_0507 (C_01),Yes
303570171,2025-08-03,rpitt,37.9078133333,-75.3344416667,Gyroporus subalbellus,,Fungi,Basidiomycota,Agaricomycotina,,Agaricomycetes,Agaricomycetidae,,Boletales,Sclerodermatineae,,Gyroporaceae,,,,,Gyroporus,,Gyroporus subalbellus,,,,,6_3_3,CBFS_0508 (C_03),Yes
303576605,2025-08-03,tristan120r,37.8941916667,-75.3739383333,Amanita,amanita mushrooms,Fungi,Basidiomycota,Agaricomycotina,,Agaricomycetes,Agaricomycetidae,,Agaricales,Pluteineae,,Amanitaceae,,,Amaniteae,,Amanita,,,,,,,6_6_3,CBFS_0512 (C_08),Yes
307833716,2025-08-03,rpitt,37.90222,-75.34146,Amanita mutabilis,anise and raspberry limbed-lepidella,Fungi,Basidiomycota,Agaricomycotina,,Agaricomycetes,Agaricomycetidae,,Agaricales,Pluteineae,,Amanitaceae,,,Amaniteae,,Amanita,,Amanita mutabilis,,,,,6_2_2,CBFS_0510 (B_03),Yes
308078856,2025-08-03,rpitt,37.89564,-75.3654,Amanita flavoconia,Yellow Patches,Fungi,Basidiomycota,Agaricomycotina,,Agaricomycetes,Agaricomycetidae,,Agaricales,Pluteineae,,Amanitaceae,,,Amaniteae,,Amanita,,Amanita flavoconia,,,,,6_4_2,CBFS_0511 (B_04),Yes
315288637,2025-09-20,zach_schultz,37.894255,-75.37393,Gymnopilus hybridus,,Fungi,Basidiomycota,Agaricomycotina,,Agaricomycetes,Agaricomycetidae,,Agaricales,Agaricineae,,Hymenogastraceae,,,,,Gymnopilus,,Gymnopilus hybridus,,,,,7_6_3,Z_22 (CBFS_0606),Yes
315288749,2025-09-20,zach_schultz,37.89463,-75.3736416667,Amanita,amanita mushrooms,Fungi,Basidiomycota,Agaricomycotina,,Agaricomycetes,Agaricomycetidae,,Agaricales,Pluteineae,,Amanitaceae,,,Amaniteae,,Amanita,,,,,,,7_6_2,Z_21 (CBFS_0607),Yes
315289565,2025-09-20,zach_schultz,37.8952633333,-75.3734583333,Clavulina coralloides,White Coral Fungus,Fungi,Basidiomycota,Agaricomycotina,,Agaricomycetes,,,Cantharellales,,,Hydnaceae,,,,,Clavulina,,Clavulina coralloides,,,,,7_6_1,Z_20 (CBFS_0610),Yes
315289719,2025-09-20,zach_schultz,37.89517,-75.3734366667,Agaricales,Common Gilled Mushrooms and Allies,Fungi,Basidiomycota,Agaricomycotina,,Agaricomycetes,Agaricomycetidae,,Agaricales,,,,,,,,,,,,,,,7_6_1,Z_19 (CBFS_0608),Yes
315289959,2025-09-20,zach_schultz,37.8950083333,-75.3732833333,Agaricales,Common Gilled Mushrooms and Allies,Fungi,Basidiomycota,Agaricomycotina,,Agaricomycetes,Agaricomycetidae,,Agaricales,,,,,,,,,,,,,,,7_6_1,Z_18 (CBFS_0609),Yes
315290138,2025-09-20,zach_schultz,37.8962166667,-75.3721866667,Amanita,amanita mushrooms,Fungi,Basidiomycota,Agaricomycotina,,Agaricomycetes,Agaricomycetidae,,Agaricales,Pluteineae,,Amanitaceae,,,Amaniteae,,Amanita,,,,,,,7_5_3,Z_17 (CBFS_0611),Yes
315291044,2025-09-20,zach_schultz,37.8964466667,-75.3720383333,Agaricales,Common Gilled Mushrooms and Allies,Fungi,Basidiomycota,Agaricomycotina,,Agaricomycetes,Agaricomycetidae,,Agaricales,,,,,,,,,,,,,,,7_5_2,Z_16 (CBFS_0612),Yes
315291153,2025-09-20,zach_schultz,37.8968616667,-75.3723533333,Suillus salmonicolor,Slippery Jill,Fungi,Basidiomycota,Agaricomycotina,,Agaricomycetes,Agaricomycetidae,,Boletales,Suillineae,,Suillaceae,,,,,Suillus,,Suillus salmonicolor,,,,,7_5_1,Z_15 (CBFS_0613),Yes
315291247,2025-09-20,zach_schultz,37.8955583333,-75.3656216667,Gymnopilus hybridus,,Fungi,Basidiomycota,Agaricomycotina,,Agaricomycetes,Agaricomycetidae,,Agaricales,Agaricineae,,Hymenogastraceae,,,,,Gymnopilus,,Gymnopilus hybridus,,,,,7_4_3,Z_14 (CBFS_0614),Yes
315291325,2025-09-20,zach_schultz,37.8954883333,-75.3656466667,Mycena,Bonnets,Fungi,Basidiomycota,Agaricomycotina,,Agaricomycetes,Agaricomycetidae,,Agaricales,Marasmiineae,,Mycenaceae,,,,,Mycena,,,,,,,7_4_3,Z_14 (CBFS_0615),Yes
315291448,2025-09-20,rpitt,37.8954,-75.3653416667,Amanita,amanita mushrooms,Fungi,Basidiomycota,Agaricomycotina,,Agaricomycetes,Agaricomycetidae,,Agaricales,Pluteineae,,Amanitaceae,,,Amaniteae,,Amanita,,,,,,,7_4_1,RP_120 (CBFS_0654),Yes
315291463,2025-09-20,zach_schultz,37.8955383333,-75.36553,Agaricales,Common Gilled Mushrooms and Allies,Fungi,Basidiomycota,Agaricomycotina,,Agaricomycetes,Agaricomycetidae,,Agaricales,,,,,,,,,,,,,,,7_4_3,Z_12 (CBFS_0616),Yes
315291575,2025-09-20,zach_schultz,37.8955083333,-75.3650283333,Mycena,Bonnets,Fungi,Basidiomycota,Agaricomycotina,,Agaricomycetes,Agaricomycetidae,,Agaricales,Marasmiineae,,Mycenaceae,,,,,Mycena,,,,,,,7_4_2,Z_11 (CBFS_0617),Yes
315291756,2025-09-20,zach_schultz,37.8953083333,-75.365045,Mycena,Bonnets,Fungi,Basidiomycota,Agaricomycotina,,Agaricomycetes,Agaricomycetidae,,Agaricales,Marasmiineae,,Mycenaceae,,,,,Mycena,,,,,,,7_4_2,Z_10 (CBFS_0618),Yes
315291887,2025-09-20,zach_schultz,37.8954966667,-75.364975,Mycena,Bonnets,Fungi,Basidiomycota,Agaricomycotina,,Agaricomycetes,Agaricomycetidae,,Agaricales,Marasmiineae,,Mycenaceae,,,,,Mycena,,,,,,,7_4_2,Z_09 (CBFS_0619),Yes
315291970,2025-09-20,zach_schultz,37.89552,-75.3649883333,Agaricales,Common Gilled Mushrooms and Allies,Fungi,Basidiomycota,Agaricomycotina,,Agaricomycetes,Agaricomycetidae,,Agaricales,,,,,,,,,,,,,,,7_4_2,Z_08 (CBFS_0620),Yes
315292081,2025-09-20,zach_schultz,37.8955466667,-75.36508,Mycena,Bonnets,Fungi,Basidiomycota,Agaricomycotina,,Agaricomycetes,Agaricomycetidae,,Agaricales,Marasmiineae,,Mycenaceae,,,,,Mycena,,,,,,,7_4_2,Z_07 (CBFS_0621),Yes
315293076,2025-09-20,zach_schultz,37.8955033333,-75.3651883333,Leucocoprinus fragilissimus,Fragile Dapperling,Fungi,Basidiomycota,Agaricomycotina,,Agaricomycetes,Agaricomycetidae,,Agaricales,Agaricineae,,Agaricaceae,,,Leucocoprineae,,Leucocoprinus,,Leucocoprinus fragilissimus,,,,,7_4_2,Z_06 (CBFS_0622),Yes
315301833,2025-09-20,zach_schultz,37.8954466667,-75.3653633333,Mycena,Bonnets,Fungi,Basidiomycota,Agaricomycotina,,Agaricomycetes,Agaricomycetidae,,Agaricales,Marasmiineae,,Mycenaceae,,,,,Mycena,,,,,,,7_4_1,Z_05 (CBFS_0623),Yes
315302114,2025-09-20,zach_schultz,37.895345,-75.3653116667,Agaricales,Common Gilled Mushrooms and Allies,Fungi,Basidiomycota,Agaricomycotina,,Agaricomycetes,Agaricomycetidae,,Agaricales,,,,,,,,,,,,,,,7_4_1,Z_03 (CBFS_0624),Yes
315302235,2025-09-20,zach_schultz,37.895405,-75.36525,Marasmiineae,,Fungi,Basidiomycota,Agaricomycotina,,Agaricomycetes,Agaricomycetidae,,Agaricales,Marasmiineae,,,,,,,,,,,,,,7_4_1,Z_02 (CBFS_0625),Yes
315302453,2025-09-20,zach_schultz,37.8955416667,-75.36515,Mycena,Bonnets,Fungi,Basidiomycota,Agaricomycotina,,Agaricomycetes,Agaricomycetidae,,Agaricales,Marasmiineae,,Mycenaceae,,,,,Mycena,,,,,,,6_4_1,Z_01 (CBFS_0626),Yes
315302511,2025-09-20,zach_schultz,37.8953216667,-75.3653116667,Marasmius,pinwheels and parachute mushrooms,Fungi,Basidiomycota,Agaricomycotina,,Agaricomycetes,Agaricomycetidae,,Agaricales,Marasmiineae,,Marasmiaceae,Marasmieae,,,,Marasmius,,,,,,,7_4_1,Z_04 (CBFS_0627),Yes
315311719,2025-09-20,ellen57884,37.895375,-75.365105,Agaricales,Common Gilled Mushrooms and Allies,Fungi,Basidiomycota,Agaricomycotina,,Agaricomycetes,Agaricomycetidae,,Agaricales,,,,,,,,,,,,,,,7_4_1,E_01 (CBFS_0641),Yes
315314018,2025-09-20,ellen57884,37.8945666667,-75.365395,Agaricales,Common Gilled Mushrooms and Allies,Fungi,Basidiomycota,Agaricomycotina,,Agaricomycetes,Agaricomycetidae,,Agaricales,,,,,,,,,,,,,,,7_4_1,E_03 (CBFS_0642),Yes
315314228,2025-09-20,ellen57884,37.8952166667,-75.36532,Agaricales,Common Gilled Mushrooms and Allies,Fungi,Basidiomycota,Agaricomycotina,,Agaricomycetes,Agaricomycetidae,,Agaricales,,,,,,,,,,,,,,,7_4_1,E_04 (CBFS_0643),Yes
315314345,2025-09-20,ellen57884,37.89545,-75.3654333333,Leucocoprinus fragilissimus,Fragile Dapperling,Fungi,Basidiomycota,Agaricomycotina,,Agaricomycetes,Agaricomycetidae,,Agaricales,Agaricineae,,Agaricaceae,,,Leucocoprineae,,Leucocoprinus,,Leucocoprinus fragilissimus,,,,,7_4_2,E_05 (CBFS_0644),No
315314442,2025-09-20,ellen57884,37.8954366667,-75.3652716667,Mycena,Bonnets,Fungi,Basidiomycota,Agaricomycotina,,Agaricomycetes,Agaricomycetidae,,Agaricales,Marasmiineae,,Mycenaceae,,,,,Mycena,,,,,,,7_4_2,E_06 (CBFS_0645),Yes
315314582,2025-09-20,ellen57884,37.89552,-75.365555,Gymnopilus hybridus,,Fungi,Basidiomycota,Agaricomycotina,,Agaricomycetes,Agaricomycetidae,,Agaricales,Agaricineae,,Hymenogastraceae,,,,,Gymnopilus,,Gymnopilus hybridus,,,,,7_4_3,E_07 (CBFS_0646),Yes
315314665,2025-09-20,ellen57884,37.8954116667,-75.3656466667,Gymnopus spongiosus,hairy-stalked collybia,Fungi,Basidiomycota,Agaricomycotina,,Agaricomycetes,Agaricomycetidae,,Agaricales,Marasmiineae,,Omphalotaceae,,,,,Gymnopus,,Gymnopus spongiosus,,,,,7_4_3,E_08 (CBFS_0647),Yes
315314774,2025-09-20,ellen57884,37.8966,-75.3722,Gymnopilus hybridus,,Fungi,Basidiomycota,Agaricomycotina,,Agaricomycetes,Agaricomycetidae,,Agaricales,Agaricineae,,Hymenogastraceae,,,,,Gymnopilus,,Gymnopilus hybridus,,,,,7_5_1,E_09 (CBFS_0648),Yes
315316429,2025-09-20,ellen57884,37.8955,-75.3652416667,Agaricales,Common Gilled Mushrooms and Allies,Fungi,Basidiomycota,Agaricomycotina,,Agaricomycetes,Agaricomycetidae,,Agaricales,,,,,,,,,,,,,,,7_4_1,E_02 (CBFS_0649),Yes
315316523,2025-09-20,ellen57884,37.8964583333,-75.3723216667,Cortinarius iodes,Viscid Violet Cort,Fungi,Basidiomycota,Agaricomycotina,,Agaricomycetes,Agaricomycetidae,,Agaricales,Agaricineae,,Cortinariaceae,,,,,Cortinarius,,Cortinarius iodes,,,,,7_5_1,E_10 (CBFS_0650),Yes
315316576,2025-09-20,ellen57884,37.8952133333,-75.373695,Gymnopus,,Fungi,Basidiomycota,Agaricomycotina,,Agaricomycetes,Agaricomycetidae,,Agaricales,Marasmiineae,,Omphalotaceae,,,,,Gymnopus,,,,,,,7_6_1,E_11 (CBFS_0651),Yes
315316602,2025-09-20,ellen57884,37.8942,-75.373925,Gymnopilus hybridus,,Fungi,Basidiomycota,Agaricomycotina,,Agaricomycetes,Agaricomycetidae,,Agaricales,Agaricineae,,Hymenogastraceae,,,,,Gymnopilus,,Gymnopilus hybridus,,,,,7_6_3,E_12 (CBFS_0652),Yes
315316725,2025-09-20,ellen57884,37.8942083333,-75.3738166667,Marasmius nigrodiscus,,Fungi,Basidiomycota,Agaricomycotina,,Agaricomycetes,Agaricomycetidae,,Agaricales,Marasmiineae,,Marasmiaceae,Marasmieae,,,,Marasmius,,Marasmius nigrodiscus,,,,,7_6_3,E_13 (CBFS_0653),Yes
315379168,2025-09-20,zach_schultz,37.907355,-75.3344333333,Suillus salmonicolor,Slippery Jill,Fungi,Basidiomycota,Agaricomycotina,,Agaricomycetes,Agaricomycetidae,,Boletales,Suillineae,,Suillaceae,,,,,Suillus,,Suillus salmonicolor,,,,,7_3_2,Z_35 (CBFS_0628),Yes
315379269,2025-09-20,zach_schultz,37.90735,-75.3344033333,Leucocoprinus fragilissimus,Fragile Dapperling,Fungi,Basidiomycota,Agaricomycotina,,Agaricomycetes,Agaricomycetidae,,Agaricales,Agaricineae,,Agaricaceae,,,Leucocoprineae,,Leucocoprinus,,Leucocoprinus fragilissimus,,,,,7_3_2,Z_34 (CBFS_0629),Yes
315379309,2025-09-20,zach_schultz,37.9026366667,-75.3423383333,Amanita mutabilis,anise and raspberry limbed-lepidella,Fungi,Basidiomycota,Agaricomycotina,,Agaricomycetes,Agaricomycetidae,,Agaricales,Pluteineae,,Amanitaceae,,,Amaniteae,,Amanita,,Amanita mutabilis,,,,,7_2_3,Z_33 (CBFS_0630),Yes
315379366,2025-09-20,zach_schultz,37.9025383333,-75.3424916667,Gymnopilus hybridus,,Fungi,Basidiomycota,Agaricomycotina,,Agaricomycetes,Agaricomycetidae,,Agaricales,Agaricineae,,Hymenogastraceae,,,,,Gymnopilus,,Gymnopilus hybridus,,,,,7_2_3,Z_32 (CBFS_0631),Yes
315379465,2025-09-20,zach_schultz,37.9024783333,-75.3426666667,Rhodocollybia maculata,Spotted Collybia,Fungi,Basidiomycota,Agaricomycotina,,Agaricomycetes,Agaricomycetidae,,Agaricales,Marasmiineae,,Omphalotaceae,,,,,Rhodocollybia,,Rhodocollybia maculata,,,,,7_2_3,Z_31 (CBFS_0632),Yes
315379533,2025-09-20,zach_schultz,37.9000083333,-75.3436966667,Mycena,Bonnets,Fungi,Basidiomycota,Agaricomycotina,,Agaricomycetes,Agaricomycetidae,,Agaricales,Marasmiineae,,Mycenaceae,,,,,Mycena,,,,,,,7_1_2,Z_30 (CBFS_0633),Yes
315379641,2025-09-20,zach_schultz,37.9001583333,-75.3438116667,Rhodocollybia maculata,Spotted Collybia,Fungi,Basidiomycota,Agaricomycotina,,Agaricomycetes,Agaricomycetidae,,Agaricales,Marasmiineae,,Omphalotaceae,,,,,Rhodocollybia,,Rhodocollybia maculata,,,,,7_1_2,Z_29 (CBFS_0634),Yes
315379715,2025-09-20,zach_schultz,37.8998833333,-75.3437583333,Leucocoprinus fragilissimus,Fragile Dapperling,Fungi,Basidiomycota,Agaricomycotina,,Agaricomycetes,Agaricomycetidae,,Agaricales,Agaricineae,,Agaricaceae,,,Leucocoprineae,,Leucocoprinus,,Leucocoprinus fragilissimus,,,,,7_1_2,Z_28 (CBFS_0635),Yes
315380314,2025-09-20,zach_schultz,37.8997116667,-75.3442466667,Leucocoprinus fragilissimus,Fragile Dapperling,Fungi,Basidiomycota,Agaricomycotina,,Agaricomycetes,Agaricomycetidae,,Agaricales,Agaricineae,,Agaricaceae,,,Leucocoprineae,,Leucocoprinus,,Leucocoprinus fragilissimus,,,,,7_1_3,Z_27 (CBFS_0636),Yes
315380491,2025-09-20,zach_schultz,37.8997333333,-75.3435966667,Gymnopilus hybridus,,Fungi,Basidiomycota,Agaricomycotina,,Agaricomycetes,Agaricomycetidae,,Agaricales,Agaricineae,,Hymenogastraceae,,,,,Gymnopilus,,Gymnopilus hybridus,,,,,7_1_2,Z_25 (CBFS_0637),Yes
315380552,2025-09-20,zach_schultz,37.899425,-75.3437716667,Gymnopilus,rustgills and gyms,Fungi,Basidiomycota,Agaricomycotina,,Agaricomycetes,Agaricomycetidae,,Agaricales,Agaricineae,,Hymenogastraceae,,,,,Gymnopilus,,,,,,,7_1_1,Z_24 (CBFS_0638),Yes
315380611,2025-09-20,zach_schultz,37.8995033333,-75.3437116667,Gymnopilus hybridus,,Fungi,Basidiomycota,Agaricomycotina,,Agaricomycetes,Agaricomycetidae,,Agaricales,Agaricineae,,Hymenogastraceae,,,,,Gymnopilus,,Gymnopilus hybridus,,,,,7_1_1,Z_23 (CBFS_0639),Yes
315380684,2025-09-20,zach_schultz,37.8997216667,-75.3435583333,Mycena,Bonnets,Fungi,Basidiomycota,Agaricomycotina,,Agaricomycetes,Agaricomycetidae,,Agaricales,Marasmiineae,,Mycenaceae,,,,,Mycena,,,,,,,7_1_2,Z_26 (CBFS_0640),Yes
315411618,2025-09-20,rpitt,37.8954583333,-75.3651883333,Mycena,Bonnets,Fungi,Basidiomycota,Agaricomycotina,,Agaricomycetes,Agaricomycetidae,,Agaricales,Marasmiineae,,Mycenaceae,,,,,Mycena,,,,,,,7_4_1,RP_115 (CBFS_0655),Yes
315411737,2025-09-20,rpitt,37.8953866667,-75.36532,Agaricales,Common Gilled Mushrooms and Allies,Fungi,Basidiomycota,Agaricomycotina,,Agaricomycetes,Agaricomycetidae,,Agaricales,,,,,,,,,,,,,,,7_4_1,RP_116 (CBFS_0656),Yes
315412198,2025-09-20,rpitt,37.8953466667,-75.3652583333,Agaricales,Common Gilled Mushrooms and Allies,Fungi,Basidiomycota,Agaricomycotina,,Agaricomycetes,Agaricomycetidae,,Agaricales,,,,,,,,,,,,,,,7_4_1,RP_117 (CBFS_0657),Yes
315412415,2025-09-20,rpitt,37.89543,-75.3653033333,Agaricales,Common Gilled Mushrooms and Allies,Fungi,Basidiomycota,Agaricomycotina,,Agaricomycetes,Agaricomycetidae,,Agaricales,,,,,,,,,,,,,,,7_4_1,RP_118 (CBFS_0658),Yes
315412755,2025-09-20,rpitt,37.8953466667,-75.3653633333,Gymnopus dryophilus,Oak-loving Gymnopus,Fungi,Basidiomycota,Agaricomycotina,,Agaricomycetes,Agaricomycetidae,,Agaricales,Marasmiineae,,Omphalotaceae,,,,,Gymnopus,,Gymnopus dryophilus,,,,,7_4_1,RP_119 (CBFS_0659),Yes
315415443,2025-09-20,rpitt,37.8953966667,-75.3653116667,Gymnopus dryophilus,Oak-loving Gymnopus,Fungi,Basidiomycota,Agaricomycotina,,Agaricomycetes,Agaricomycetidae,,Agaricales,Marasmiineae,,Omphalotaceae,,,,,Gymnopus,,Gymnopus dryophilus,,,,,7_4_1,RP_121 (CBFS_0660),Yes
315415544,2025-09-20,rpitt,37.8955166667,-75.36532,Marasmius,pinwheels and parachute mushrooms,Fungi,Basidiomycota,Agaricomycotina,,Agaricomycetes,Agaricomycetidae,,Agaricales,Marasmiineae,,Marasmiaceae,Marasmieae,,,,Marasmius,,,,,,,7_4_1,RP_122 (CBFS_0661),Yes
315415712,2025-09-20,rpitt,37.895455,-75.3653716667,Mycena,Bonnets,Fungi,Basidiomycota,Agaricomycotina,,Agaricomycetes,Agaricomycetidae,,Agaricales,Marasmiineae,,Mycenaceae,,,,,Mycena,,,,,,,7_4_2,RP_123 (CBFS_0662),Yes
315415823,2025-09-20,rpitt,37.8954116667,-75.3653416667,Mycena,Bonnets,Fungi,Basidiomycota,Agaricomycotina,,Agaricomycetes,Agaricomycetidae,,Agaricales,Marasmiineae,,Mycenaceae,,,,,Mycena,,,,,,,7_4_2,RP_124a (CBFS_0663),Yes
315417931,2025-09-20,rpitt,37.8954916667,-75.3651716667,Lepiota atrodisca,,Fungi,Basidiomycota,Agaricomycotina,,Agaricomycetes,Agaricomycetidae,,Agaricales,Agaricineae,,Agaricaceae,,,Leucocoprineae,,Leucocoprinus,,Lepiota atrodisca,,,,,7_4_2,RP_124b (CBFS_0664),Yes
315418123,2025-09-20,rpitt,37.8954366667,-75.3651716667,Mycena,Bonnets,Fungi,Basidiomycota,Agaricomycotina,,Agaricomycetes,Agaricomycetidae,,Agaricales,Marasmiineae,,Mycenaceae,,,,,Mycena,,,,,,,7_4_2,RP_125 (CBFS_0665),Yes
315418318,2025-09-20,rpitt,37.8954916667,-75.3651666667,Mycena,Bonnets,Fungi,Basidiomycota,Agaricomycotina,,Agaricomycetes,Agaricomycetidae,,Agaricales,Marasmiineae,,Mycenaceae,,,,,Mycena,,,,,,,7_4_2,RP_126 (CBFS_0666),Yes
315418572,2025-09-20,rpitt,37.8954866667,-75.365045,Mycena,Bonnets,Fungi,Basidiomycota,Agaricomycotina,,Agaricomycetes,Agaricomycetidae,,Agaricales,Marasmiineae,,Mycenaceae,,,,,Mycena,,,,,,,7_4_2,RP_127 (CBFS_0729),Yes
315418981,2025-09-20,rpitt,37.8955,-75.36522,Basidiomycota,Basidiomycete Fungi,Fungi,Basidiomycota,,,,,,,,,,,,,,,,,,,,,7_4_2,RP_128 (CBFS_0667),Yes
315419542,2025-09-20,rpitt,37.8954716667,-75.36508,Suillus salmonicolor,Slippery Jill,Fungi,Basidiomycota,Agaricomycotina,,Agaricomycetes,Agaricomycetidae,,Boletales,Suillineae,,Suillaceae,,,,,Suillus,,Suillus salmonicolor,,,,,7_4_2,RP_129 (CBFS_0668),Yes
315419911,2025-09-20,rpitt,37.8954666667,-75.364975,Gymnopus,,Fungi,Basidiomycota,Agaricomycotina,,Agaricomycetes,Agaricomycetidae,,Agaricales,Marasmiineae,,Omphalotaceae,,,,,Gymnopus,,,,,,,7_4_2,RP_130 (CBFS_0669),Yes
315420110,2025-09-20,rpitt,37.8956666667,-75.3651716667,Mycena,Bonnets,Fungi,Basidiomycota,Agaricomycotina,,Agaricomycetes,Agaricomycetidae,,Agaricales,Marasmiineae,,Mycenaceae,,,,,Mycena,,,,,,,7_4_2,RP_131 (CBFS_0670),Yes
315420310,2025-09-20,rpitt,37.89543,-75.36505,Agaricales,Common Gilled Mushrooms and Allies,Fungi,Basidiomycota,Agaricomycotina,,Agaricomycetes,Agaricomycetidae,,Agaricales,,,,,,,,,,,,,,,7_4_2,RP_132 (CBFS_0671),Yes
315420533,2025-09-20,rpitt,37.8953333333,-75.364975,Mutinus elegans,devil's dipstick,Fungi,Basidiomycota,Agaricomycotina,,Agaricomycetes,Phallomycetidae,,Phallales,,,Phallaceae,,,,,Mutinus,,Mutinus elegans,,,,,7_4_2,RP_134 (CBFS_0672),Yes
315420791,2025-09-20,rpitt,37.8954116667,-75.3650133333,Mycena,Bonnets,Fungi,Basidiomycota,Agaricomycotina,,Agaricomycetes,Agaricomycetidae,,Agaricales,Marasmiineae,,Mycenaceae,,,,,Mycena,,,,,,,7_4_2,RP_139 (CBFS_0673),Yes
315420849,2025-09-20,rpitt,37.8954666667,-75.3654466667,Agaricales,Common Gilled Mushrooms and Allies,Fungi,Basidiomycota,Agaricomycotina,,Agaricomycetes,Agaricomycetidae,,Agaricales,,,,,,,,,,,,,,,7_4_3,RP_140 (CBFS_0674),Yes
315420929,2025-09-20,rpitt,37.8955216667,-75.36573,Agaricales,Common Gilled Mushrooms and Allies,Fungi,Basidiomycota,Agaricomycotina,,Agaricomycetes,Agaricomycetidae,,Agaricales,,,,,,,,,,,,,,,7_4_3,RP_141 (CBFS_0675),Yes
315421148,2025-09-20,rpitt,37.89542,-75.3656083333,Gymnopus spongiosus,hairy-stalked collybia,Fungi,Basidiomycota,Agaricomycotina,,Agaricomycetes,Agaricomycetidae,,Agaricales,Marasmiineae,,Omphalotaceae,,,,,Gymnopus,,Gymnopus spongiosus,,,,,7_4_3,RP_142 (CBFS_0676),Yes
315424692,2025-09-20,rpitt,37.89548,-75.3651583333,Mycena,Bonnets,Fungi,Basidiomycota,Agaricomycotina,,Agaricomycetes,Agaricomycetidae,,Agaricales,Marasmiineae,,Mycenaceae,,,,,Mycena,,,,,,,7_4_2,RP_133 (CBFS_0677),Yes
315424793,2025-09-20,rpitt,37.8955116667,-75.3655866667,Mycena haematopus,Bleeding Fairy Helmet,Fungi,Basidiomycota,Agaricomycotina,,Agaricomycetes,Agaricomycetidae,,Agaricales,Marasmiineae,,Mycenaceae,,,,,Mycena,,Mycena haematopus,,,,,7_4_3,RP_143 (CBFS_0678),Yes
315424830,2025-09-20,rpitt,37.8955166667,-75.3656833333,Gymnopilus hybridus,,Fungi,Basidiomycota,Agaricomycotina,,Agaricomycetes,Agaricomycetidae,,Agaricales,Agaricineae,,Hymenogastraceae,,,,,Gymnopilus,,Gymnopilus hybridus,,,,,7_4_3,RP_144 (CBFS_0679),Yes
315425055,2025-09-20,rpitt,37.8955,-75.3654866667,Mycena,Bonnets,Fungi,Basidiomycota,Agaricomycotina,,Agaricomycetes,Agaricomycetidae,,Agaricales,Marasmiineae,,Mycenaceae,,,,,Mycena,,,,,,,7_4_3,RP_145 (CBFS_0680),Yes
315425249,2025-09-20,rpitt,37.895375,-75.36557,Rhodocollybia maculata,Spotted Collybia,Fungi,Basidiomycota,Agaricomycotina,,Agaricomycetes,Agaricomycetidae,,Agaricales,Marasmiineae,,Omphalotaceae,,,,,Rhodocollybia,,Rhodocollybia maculata,,,,,7_4_3,RP_146 (CBFS_0681),Yes
315425333,2025-09-20,rpitt,37.8955583333,-75.3656533333,Entoloma,Pinkgills,Fungi,Basidiomycota,Agaricomycotina,,Agaricomycetes,Agaricomycetidae,,Agaricales,Tricholomatineae,,Entolomataceae,,,,,Entoloma,,,,,,,7_4_3,RP_147 (CBFS_0682),Yes
315425386,2025-09-20,rpitt,37.896795,-75.37233,Dacrymyces chrysospermus,Orange Jelly Spot,Fungi,Basidiomycota,Agaricomycotina,,Dacrymycetes,,,Dacrymycetales,,,Dacrymycetaceae,,,,,Dacrymyces,,Dacrymyces chrysospermus,,,,,7_5_1,RP_148 (CBFS_0683),Yes
315425454,2025-09-20,rpitt,37.8968866667,-75.3725583333,Marasmius,pinwheels and parachute mushrooms,Fungi,Basidiomycota,Agaricomycotina,,Agaricomycetes,Agaricomycetidae,,Agaricales,Marasmiineae,,Marasmiaceae,Marasmieae,,,,Marasmius,,,,,,,7_5_1,RP_149 (CBFS_0684),Yes
315425792,2025-09-20,rpitt,37.896245,-75.3723833333,Amanita polypyramis,Plateful of Pyramids Lepidella,Fungi,Basidiomycota,Agaricomycotina,,Agaricomycetes,Agaricomycetidae,,Agaricales,Pluteineae,,Amanitaceae,,,Amaniteae,,Amanita,,Amanita polypyramis,,,,,7_5_2,RP_150 (CBFS_0685),Yes
315425981,2025-09-20,rpitt,37.8960033333,-75.372305,Gymnopilus hybridus,,Fungi,Basidiomycota,Agaricomycotina,,Agaricomycetes,Agaricomycetidae,,Agaricales,Agaricineae,,Hymenogastraceae,,,,,Gymnopilus,,Gymnopilus hybridus,,,,,7_5_2,RP_151 (CBFS_0686),Yes
315426405,2025-09-20,rpitt,37.895225,-75.3735416667,Suillus salmonicolor,Slippery Jill,Fungi,Basidiomycota,Agaricomycotina,,Agaricomycetes,Agaricomycetidae,,Boletales,Suillineae,,Suillaceae,,,,,Suillus,,Suillus salmonicolor,,,,,7_6_1,RP_154 (CBFS_0687),Yes
315426485,2025-09-20,rpitt,37.8952533333,-75.3735116667,Mycena,Bonnets,Fungi,Basidiomycota,Agaricomycotina,,Agaricomycetes,Agaricomycetidae,,Agaricales,Marasmiineae,,Mycenaceae,,,,,Mycena,,,,,,,7_6_1,RP_155 (CBFS_0688),Yes
315426542,2025-09-20,rpitt,37.89517,-75.373475,Baeospora myosura,Conifercone Cap,Fungi,Basidiomycota,Agaricomycotina,,Agaricomycetes,Agaricomycetidae,,Agaricales,Marasmiineae,,Cyphellaceae,,,,,Baeospora,,Baeospora myosura,,,,,7_6_1,RP_156 (CBFS_0689),Yes
315426705,2025-09-20,rpitt,37.8952633333,-75.37355,Agaricales,Common Gilled Mushrooms and Allies,Fungi,Basidiomycota,Agaricomycotina,,Agaricomycetes,Agaricomycetidae,,Agaricales,,,,,,,,,,,,,,,7_6_1,RP_157 (CBFS_0690),Yes
315427360,2025-09-20,rpitt,37.89658,-75.3722383333,Callistosporium luteo-olivaceum,Olive Lute,Fungi,Basidiomycota,Agaricomycotina,,Agaricomycetes,Agaricomycetidae,,Agaricales,Tricholomatineae,,Callistosporiaceae,,,,,Callistosporium,,Callistosporium luteo-olivaceum,,,,,7_5_1,RP_152 (CBFS_0691),Yes
315427674,2025-09-20,rpitt,37.8953583333,-75.3734366667,Mycena,Bonnets,Fungi,Basidiomycota,Agaricomycotina,,Agaricomycetes,Agaricomycetidae,,Agaricales,Marasmiineae,,Mycenaceae,,,,,Mycena,,,,,,,7_6_1,RP_158 (CBFS_0692),Yes
315427817,2025-09-20,rpitt,37.8947366667,-75.3736633333,Russula,brittlegills,Fungi,Basidiomycota,Agaricomycotina,,Agaricomycetes,,,Russulales,,,Russulaceae,,,,,Russula,,,,,,,7_6_2,RP_159 (CBFS_0693),Yes
315427890,2025-09-20,rpitt,37.89473,-75.37372,Omphalotaceae,,Fungi,Basidiomycota,Agaricomycotina,,Agaricomycetes,Agaricomycetidae,,Agaricales,Marasmiineae,,Omphalotaceae,,,,,,,,,,,,7_6_2,RP_160 (CBFS_0694),Yes
315427974,2025-09-20,rpitt,37.8947416667,-75.3737416667,Suillus salmonicolor,Slippery Jill,Fungi,Basidiomycota,Agaricomycotina,,Agaricomycetes,Agaricomycetidae,,Boletales,Suillineae,,Suillaceae,,,,,Suillus,,Suillus salmonicolor,,,,,7_6_2,RP_161 (CBFS_0696),Yes
315428031,2025-09-20,rpitt,37.89453,-75.3738166667,Suillus salmonicolor,Slippery Jill,Fungi,Basidiomycota,Agaricomycotina,,Agaricomycetes,Agaricomycetidae,,Boletales,Suillineae,,Suillaceae,,,,,Suillus,,Suillus salmonicolor,,,,,7_6_2,RP_162 (CBFS_0696),Yes
315428541,2025-09-20,rpitt,37.89963,-75.34362,Amanita,amanita mushrooms,Fungi,Basidiomycota,Agaricomycotina,,Agaricomycetes,Agaricomycetidae,,Agaricales,Pluteineae,,Amanitaceae,,,Amaniteae,,Amanita,,,,,,,7_1_1,RP_163 (CBFS_0697),Yes
315428685,2025-09-20,rpitt,37.8993616667,-75.3437283333,Gymnopilus hybridus,,Fungi,Basidiomycota,Agaricomycotina,,Agaricomycetes,Agaricomycetidae,,Agaricales,Agaricineae,,Hymenogastraceae,,,,,Gymnopilus,,Gymnopilus hybridus,,,,,7_1_1,RP_164 (CBFS_0698),Yes
315428760,2025-09-20,rpitt,37.8993116667,-75.343705,Gymnopilus penetrans,,Fungi,Basidiomycota,Agaricomycotina,,Agaricomycetes,Agaricomycetidae,,Agaricales,Agaricineae,,Hymenogastraceae,,,,,Gymnopilus,,,,,,,7_1_1,RP_165 (CBFS_0699),Yes
315428862,2025-09-20,rpitt,37.899345,-75.3437416667,Leucocoprinus fragilissimus,Fragile Dapperling,Fungi,Basidiomycota,Agaricomycotina,,Agaricomycetes,Agaricomycetidae,,Agaricales,Agaricineae,,Agaricaceae,,,Leucocoprineae,,Leucocoprinus,,Leucocoprinus fragilissimus,,,,,7_1_1,RP_166 (CBFS_0700),Yes
315430874,2025-09-20,rpitt,37.89958,-75.3433916667,Dacrymyces chrysospermus,Orange Jelly Spot,Fungi,Basidiomycota,Agaricomycotina,,Dacrymycetes,,,Dacrymycetales,,,Dacrymycetaceae,,,,,Dacrymyces,,Dacrymyces chrysospermus,,,,,7_1_2,RP_167 (CBFS_0701),Yes
315430947,2025-09-20,rpitt,37.8998533333,-75.343925,Gymnopilus,rustgills and gyms,Fungi,Basidiomycota,Agaricomycotina,,Agaricomycetes,Agaricomycetidae,,Agaricales,Agaricineae,,Hymenogastraceae,,,,,Gymnopilus,,,,,,,7_1_2,RP_168 (CBFS_0702),Yes
315431003,2025-09-20,rpitt,37.8996783333,-75.3435833333,Gymnopilus hybridus,,Fungi,Basidiomycota,Agaricomycotina,,Agaricomycetes,Agaricomycetidae,,Agaricales,Agaricineae,,Hymenogastraceae,,,,,Gymnopilus,,Gymnopilus hybridus,,,,,7_1_2,RP_169 (CBFS_0703),Yes
315431063,2025-09-20,rpitt,37.89968,-75.343575,Gymnopilus hybridus,,Fungi,Basidiomycota,Agaricomycotina,,Agaricomycetes,Agaricomycetidae,,Agaricales,Agaricineae,,Hymenogastraceae,,,,,Gymnopilus,,Gymnopilus hybridus,,,,,7_1_2,RP_170 (CBFS_0704),Yes
315431101,2025-09-20,rpitt,37.8998033333,-75.3439716667,Suillus decipiens,Deceptive Jack,Fungi,Basidiomycota,Agaricomycotina,,Agaricomycetes,Agaricomycetidae,,Boletales,Suillineae,,Suillaceae,,,,,Suillus,,Suillus decipiens,,,,,7_1_3,RP_171 (CBFS_0705),Yes
315431181,2025-09-20,rpitt,37.89967,-75.343995,Suillus salmonicolor,Slippery Jill,Fungi,Basidiomycota,Agaricomycotina,,Agaricomycetes,Agaricomycetidae,,Boletales,Suillineae,,Suillaceae,,,,,Suillus,,Suillus salmonicolor,,,,,7_1_3,RP_172 (CBFS_0706),Yes
315431284,2025-09-20,rpitt,37.89967,-75.3439866667,Lepiota atrodisca,,Fungi,Basidiomycota,Agaricomycotina,,Agaricomycetes,Agaricomycetidae,,Agaricales,Agaricineae,,Agaricaceae,,,Leucocoprineae,,Leucocoprinus,,Lepiota atrodisca,,,,,7_1_3,RP_173 (CBFS_0707),Yes
315431393,2025-09-20,rpitt,37.9000283333,-75.343605,Suillus salmonicolor,Slippery Jill,Fungi,Basidiomycota,Agaricomycotina,,Agaricomycetes,Agaricomycetidae,,Boletales,Suillineae,,Suillaceae,,,,,Suillus,,Suillus salmonicolor,,,,,7_1_2,RP_174 (CBFS_0708),Yes
315431462,2025-09-20,rpitt,37.9001116667,-75.3438333333,Amanita polypyramis,Plateful of Pyramids Lepidella,Fungi,Basidiomycota,Agaricomycotina,,Agaricomycetes,Agaricomycetidae,,Agaricales,Pluteineae,,Amanitaceae,,,Amaniteae,,Amanita,,Amanita polypyramis,,,,,7_1_2,RP_175 (CBFS_0709),Yes
315432268,2025-09-20,rpitt,37.9001216667,-75.34368,Rhodocollybia maculata,Spotted Collybia,Fungi,Basidiomycota,Agaricomycotina,,Agaricomycetes,Agaricomycetidae,,Agaricales,Marasmiineae,,Omphalotaceae,,,,,Rhodocollybia,,Rhodocollybia maculata,,,,,7_1_2,RP_176 (CBFS_0710),Yes
315432344,2025-09-20,rpitt,37.9001666667,-75.34372,Gymnopilus hybridus,,Fungi,Basidiomycota,Agaricomycotina,,Agaricomycetes,Agaricomycetidae,,Agaricales,Agaricineae,,Hymenogastraceae,,,,,Gymnopilus,,Gymnopilus hybridus,,,,,7_1_2,RP_177 (CBFS_0711),Yes
315432439,2025-09-20,rpitt,37.9000366667,-75.3438333333,Amanita polypyramis,Plateful of Pyramids Lepidella,Fungi,Basidiomycota,Agaricomycotina,,Agaricomycetes,Agaricomycetidae,,Agaricales,Pluteineae,,Amanitaceae,,,Amaniteae,,Amanita,,Amanita polypyramis,,,,,7_1_3,RP_178 (CBFS_0712),Yes
315432603,2025-09-20,rpitt,37.9022716667,-75.3414916667,Leucocoprinus fragilissimus,Fragile Dapperling,Fungi,Basidiomycota,Agaricomycotina,,Agaricomycetes,Agaricomycetidae,,Agaricales,Agaricineae,,Agaricaceae,,,Leucocoprineae,,Leucocoprinus,,Leucocoprinus fragilissimus,,,,,7_2_1,RP_179 (CBFS_0713),Yes
315432750,2025-09-20,rpitt,37.9023966667,-75.3418283333,Amanita,amanita mushrooms,Fungi,Basidiomycota,Agaricomycotina,,Agaricomycetes,Agaricomycetidae,,Agaricales,Pluteineae,,Amanitaceae,,,Amaniteae,,Amanita,,,,,,,7_2_1,RP_180 (CBFS_0714),Yes
315432879,2025-09-20,rpitt,37.9024783333,-75.34192,Fungi,Fungi Including Lichens,Fungi,,,,,,,,,,,,,,,,,,,,,,7_2_1,RP_181,No
315432935,2025-09-20,rpitt,37.9027133333,-75.341995,Leucocoprinus fragilissimus,Fragile Dapperling,Fungi,Basidiomycota,Agaricomycotina,,Agaricomycetes,Agaricomycetidae,,Agaricales,Agaricineae,,Agaricaceae,,,Leucocoprineae,,Leucocoprinus,,Leucocoprinus fragilissimus,,,,,7_2_1,RP_182 (CBFS_0715),Yes
315433041,2025-09-20,rpitt,37.9027333333,-75.3422616667,Basidiomycota,Basidiomycete Fungi,Fungi,Basidiomycota,,,,,,,,,,,,,,,,,,,,,7_2_2,RP_183 (CBFS_0716),Yes
315433091,2025-09-20,rpitt,37.9025633333,-75.3425666667,Gymnopilus hybridus,,Fungi,Basidiomycota,Agaricomycotina,,Agaricomycetes,Agaricomycetidae,,Agaricales,Agaricineae,,Hymenogastraceae,,,,,Gymnopilus,,Gymnopilus hybridus,,,,,7_2_3,RP_184 (CBFS_0717),Yes
315433166,2025-09-20,rpitt,37.9026116667,-75.342605,Suillus salmonicolor,Slippery Jill,Fungi,Basidiomycota,Agaricomycotina,,Agaricomycetes,Agaricomycetidae,,Boletales,Suillineae,,Suillaceae,,,,,Suillus,,Suillus salmonicolor,,,,,7_2_3,RP_185 (CBFS_0718),Yes
315433283,2025-09-20,rpitt,37.9024883333,-75.3426133333,Gymnopilus hybridus,,Fungi,Basidiomycota,Agaricomycotina,,Agaricomycetes,Agaricomycetidae,,Agaricales,Agaricineae,,Hymenogastraceae,,,,,Gymnopilus,,Gymnopilus hybridus,,,,,7_2_3,RP_186 (CBFS_0719),Yes
315433350,2025-09-20,rpitt,37.90248,-75.3423166667,Amanita mutabilis,anise and raspberry limbed-lepidella,Fungi,Basidiomycota,Agaricomycotina,,Agaricomycetes,Agaricomycetidae,,Agaricales,Pluteineae,,Amanitaceae,,,Amaniteae,,Amanita,,Amanita mutabilis,,,,,7_2_3,RP_187 (CBFS_0720),Yes
315433497,2025-09-20,rpitt,37.9019166667,-75.3424533333,Amanita amerirubescens,Amanita amerirubescens group,Fungi,Basidiomycota,Agaricomycotina,,Agaricomycetes,Agaricomycetidae,,Agaricales,Pluteineae,,Amanitaceae,,,Amaniteae,,Amanita,,,,,,,7_2_3,RP_189 (CBFS_0721),Yes
315433591,2025-09-20,rpitt,37.907325,-75.3344883333,Suillus salmonicolor,Slippery Jill,Fungi,Basidiomycota,Agaricomycotina,,Agaricomycetes,Agaricomycetidae,,Boletales,Suillineae,,Suillaceae,,,,,Suillus,,Suillus salmonicolor,,,,,7_3_2,RP_190 (CBFS_0722),Yes
315433742,2025-09-20,rpitt,37.907375,-75.3343116667,Leucocoprinus fragilissimus,Fragile Dapperling,Fungi,Basidiomycota,Agaricomycotina,,Agaricomycetes,Agaricomycetidae,,Agaricales,Agaricineae,,Agaricaceae,,,Leucocoprineae,,Leucocoprinus,,Leucocoprinus fragilissimus,,,,,7_3_2,RP_191 (CBFS_0723),Yes
315433907,2025-09-20,rpitt,37.9072333333,-75.334245,Marasmius nigrodiscus,,Fungi,Basidiomycota,Agaricomycotina,,Agaricomycetes,Agaricomycetidae,,Agaricales,Marasmiineae,,Marasmiaceae,Marasmieae,,,,Marasmius,,Marasmius nigrodiscus,,,,,7_3_2,RP192 (CBFS_0724),Yes
315433997,2025-09-20,rpitt,37.9072333333,-75.33438,Gymnopilus penetrans,,Fungi,Basidiomycota,Agaricomycotina,,Agaricomycetes,Agaricomycetidae,,Agaricales,Agaricineae,,Hymenogastraceae,,,,,Gymnopilus,,,,,,,7_3_2,RP_193 (CBFS_0725),Yes
315434043,2025-09-20,rpitt,37.9072333333,-75.3343583333,Suillus salmonicolor,Slippery Jill,Fungi,Basidiomycota,Agaricomycotina,,Agaricomycetes,Agaricomycetidae,,Boletales,Suillineae,,Suillaceae,,,,,Suillus,,Suillus salmonicolor,,,,,7_3_2,RP_194 (CBFS_0726),Yes
315434180,2025-09-20,rpitt,37.90258,-75.3424083333,Agaricales,Common Gilled Mushrooms and Allies,Fungi,Basidiomycota,Agaricomycotina,,Agaricomycetes,Agaricomycetidae,,Agaricales,,,,,,,,,,,,,,,7_2_3,RP_188 (CBFS_0727),Yes
315434267,2025-09-20,rpitt,37.90772,-75.3343416667,Russula,brittlegills,Fungi,Basidiomycota,Agaricomycotina,,Agaricomycetes,,,Russulales,,,Russulaceae,,,,,Russula,,,,,,,7_3_3,RP_195 (CBFS_0728),Yes
315791007,2025-09-20,rpitt,37.8952716667,-75.37407,Amanita polypyramis,Plateful of Pyramids Lepidella,Fungi,Basidiomycota,Agaricomycotina,,Agaricomycetes,Agaricomycetidae,,Agaricales,Pluteineae,,Amanitaceae,,,Amaniteae,,Amanita,,Amanita polypyramis,,,,,7_6_1,RP_153 (CBFS_0730),Yes
