id,date_collected,survey,site,plot,plot_number,soil_depth_cm,beaker_weight_g,combined_wet_weight_g,combined_dry_weight_g,rehydrated_water_volume_mL,supernatent_salinity_ppt,supernatent_pH
1_1_1,"June 29, 2025",1,1,1,1,10,114.6,139.7,130.7,25.1,0.38,
1_1_2,"June 29, 2025",1,1,2,2,10,115.1,140.2,136.2,25,0.18,
1_1_3,"June 29, 2025",1,1,3,3,10,114.8,139.8,136.2,25,0.15,
1_2_1,"June 29, 2025",1,2,1,4,10,114.9,139.8,139,25.1,0.05,
1_2_2,"June 29, 2025",1,2,2,5,10,114.3,139.2,137.2,25,0.08,
1_2_3,"June 29, 2025",1,2,3,6,10,114.4,139.3,138,25.1,0.08,
1_3_1,"June 29, 2025",1,3,1,7,10,115.2,140.3,137.7,24.9,0.14,
1_3_2,"June 29, 2025",1,3,2,8,10,115.1,140.2,139.8,25,0.05,
1_3_3,"June 29, 2025",1,3,3,9,10,115,140,139.2,25.1,0.06,
1_4_1,"June 29, 2025",1,4,1,10,10,114.2,139.3,126.8,25.1,0.6,
1_4_2,"June 29, 2025",1,4,2,11,10,115.2,140.2,126.6,25,0.52,
1_4_3,"June 29, 2025",1,4,3,12,10,114.1,139.1,135.5,25,0.31,
1_5_1,"June 29, 2025",1,5,1,13,10,114.6,136.3,129.6,25.1,0.55,
1_5_2,"June 29, 2025",1,5,2,14,10,115,140.1,134,25.1,0.29,
1_5_3,"June 29, 2025",1,5,3,15,10,114.6,134.4,128.6,25,0.41,
1_6_1,"June 29, 2025",1,6,1,16,10,114.7,139.6,136.6,25,0.14,
1_6_2,"June 29, 2025",1,6,2,17,10,114.5,139.4,138.4,25,0.12,
1_6_3,"June 29, 2025",1,6,3,18,10,115.1,140.1,137.9,25,0.15,
2_1_1,"July 5, 2025",2,1,1,1,10,125.5,150.6,148.2,25.1,0.41,
2_1_2,"July 5, 2025",2,1,2,2,10,125.5,150.6,144.2,25.1,0.37,
2_1_3,"July 5, 2025",2,1,3,3,10,124.9,149.9,146.3,25,0.17,
2_2_1,"July 5, 2025",2,2,1,4,10,125.1,150.1,149,25.1,0.13,
2_2_2,"July 5, 2025",2,2,2,5,10,125.5,150.5,149.1,25,0.15,
2_2_3,"July 5, 2025",2,2,3,6,10,125,150,148.9,25,0.09,
2_3_1,"July 5, 2025",2,3,1,7,10,124.9,149.9,148.7,25.1,0.23,
2_3_2,"July 5, 2025",2,3,2,8,10,124.4,149.4,148.5,25.1,0.08,
2_3_3,"July 5, 2025",2,3,3,9,10,125.5,150.5,149.3,25,0.13,
2_4_1,"July 5, 2025",2,4,1,10,10,124.8,143.6,132.4,25,1.07,
2_4_2,"July 5, 2025",2,4,2,11,10,124.8,149.9,139.1,25.1,0.41,
2_4_3,"July 5, 2025",2,4,3,12,10,125.5,150.5,147.7,25.1,0.3,
2_5_1,"July 5, 2025",2,5,1,13,10,124.7,148.8,140.7,25,0.52,
2_5_2,"July 5, 2025",2,5,2,14,10,125.5,149,139.6,25,0.6,
2_5_3,"July 5, 2025",2,5,3,15,10,124.3,146.6,139.8,25.1,0.69,
2_6_1,"July 5, 2025",2,6,1,16,10,124.7,149.7,146.9,25,0.3,
2_6_2,"July 5, 2025",2,6,2,17,10,124.7,149.7,145,25.1,0.36,
2_6_3,"July 5, 2025",2,6,3,18,10,125.1,150.1,148.2,25.1,0.12,
3_1_1,"July 12, 2025",3,1,1,1,10,114.6,139.6,129.4,25.1,0.72,
3_1_2,"July 12, 2025",3,1,2,2,10,115.1,140,135.4,25.1,0.25,
3_1_3,"July 12, 2025",3,1,3,3,10,114.8,139.8,138.1,25.2,0.06,
3_2_1,"July 12, 2025",3,2,1,4,10,114.8,139.9,138.8,25.1,0.06,
3_2_2,"July 12, 2025",3,2,2,5,10,114.3,139.4,139,25.1,0.07,
3_2_3,"July 12, 2025",3,2,3,6,10,114.3,139.4,138,25,0.06,
3_3_1,"July 12, 2025",3,3,1,7,10,115.1,140.2,138.7,25,0.06,
3_3_2,"July 12, 2025",3,3,2,8,10,115.2,140.3,138.9,25,0.03,
3_3_3,"July 12, 2025",3,3,3,9,10,115,140,138.9,25,0.04,
3_4_1,"July 12, 2025",3,4,1,10,10,114.2,139.1,131.3,25,0.43,
3_4_2,"July 12, 2025",3,4,2,11,10,115.2,140.2,132,25,0.38,
3_4_3,"July 12, 2025",3,4,3,12,10,114.1,139.2,132.7,25,0.36,
3_5_1,"July 12, 2025",3,5,1,13,10,114.7,139.7,136,25.1,0.33,
3_5_2,"July 12, 2025",3,5,2,14,10,115,140,137.1,25,0.31,
3_5_3,"July 12, 2025",3,5,3,15,10,114.7,139.7,136.8,25,0.09,
3_6_1,"July 12, 2025",3,6,1,16,10,114.7,139.8,136.8,25,0.14,
3_6_2,"July 12, 2025",3,6,2,17,10,114.5,139.5,137.5,25.1,0.08,
3_6_3,"July 12, 2025",3,6,3,18,10,115.2,140.2,139.2,25,0.07,
4_1_1,"July 19, 2025",4,1,1,1,10,125.4,149.4,145.5,25,0.57,
4_1_2,"July 19, 2025",4,1,2,2,10,125.7,150.7,145.7,25,0.42,
4_1_3,"July 19, 2025",4,1,3,3,10,125,150,147,25.1,0.07,
4_2_1,"July 19, 2025",4,2,1,4,10,125.1,150.1,149.3,25.1,0.06,
4_2_2,"July 19, 2025",4,2,2,5,10,125.6,150.5,149.9,25.1,0.08,
4_2_3,"July 19, 2025",4,2,3,6,10,125.1,150.2,148.8,25,0.08,
4_3_1,"July 19, 2025",4,3,1,7,10,124.9,149.9,148.4,25,0.06,
4_3_2,"July 19, 2025",4,3,2,8,10,124.4,149.5,149,25,0.04,
4_3_3,"July 19, 2025",4,3,3,9,10,125.6,150.7,150,25.1,0.15,
4_4_1,"July 19, 2025",4,4,1,10,10,124.9,149.9,142.7,25,0.4,
4_4_2,"July 19, 2025",4,4,2,11,10,125,150,144.4,25.1,0.38,
4_4_3,"July 19, 2025",4,4,3,12,10,125.5,150.5,146.8,25,0.25,
4_5_1,"July 19, 2025",4,5,1,13,10,124.7,149.8,143.2,25,0.46,
4_5_2,"July 19, 2025",4,5,2,14,10,125.6,150.6,146.6,25,0.44,
4_5_3,"July 19, 2025",4,5,3,15,10,124.4,149.5,141.8,25,0.52,
4_6_1,"July 19, 2025",4,6,1,16,10,124.7,149.8,148.5,25,0.09,
4_6_2,"July 19, 2025",4,6,2,17,10,124.9,149.9,148.5,25,0.13,
4_6_3,"July 19, 2025",4,6,3,18,10,125,150,148.8,25,0.14,
5_1_1,"July 29, 2025",5,1,1,1,10,114.6,130.8,121.3,25.1,2.06,
5_1_2,"July 29, 2025",5,1,2,2,10,115.1,128.3,123.1,24.9,0.38,
5_1_3,"July 29, 2025",5,1,3,3,10,114.7,139.6,137,25.1,0.07,
5_2_1,"July 29, 2025",5,2,1,4,10,114.9,139.9,138.1,25,0.05,
5_2_2,"July 29, 2025",5,2,2,5,10,114.3,139.3,138.5,25,0.08,
5_2_3,"July 29, 2025",5,2,3,6,10,114.3,139.3,136.9,24.9,0.07,
5_3_1,"July 29, 2025",5,3,1,7,10,115.1,140.1,138.3,25,0.07,
5_3_2,"July 29, 2025",5,3,2,8,10,115.1,140,138.8,25.2,0.03,
5_3_3,"July 29, 2025",5,3,3,9,10,115.1,140.1,139.3,25.1,0.13,
5_4_1,"July 29, 2025",5,4,1,10,10,114.2,139.2,131.8,25,0.37,
5_4_2,"July 29, 2025",5,4,2,11,10,115.2,133.8,124.2,25,0.41,
5_4_3,"July 29, 2025",5,4,3,12,10,114.1,139.1,136.2,25,0.31,
5_5_1,"July 29, 2025",5,5,1,13,10,114.7,139.8,135.7,25,0.37,
5_5_2,"July 29, 2025",5,5,2,14,10,115,140,137.5,25.1,0.18,
5_5_3,"July 29, 2025",5,5,3,15,10,114.6,128.9,123.8,25.1,0.35,
5_6_1,"July 29, 2025",5,6,1,16,10,114.7,139.9,137.4,24.9,0.08,
5_6_2,"July 29, 2025",5,6,2,17,10,114.5,139.6,138.3,25.2,0.07,
5_6_3,"July 29, 2025",5,6,3,18,10,115.2,140.3,138.9,24.9,0.09,
6_1_1,"August 3, 2025",6,1,1,1,10,125.4,150.4,147,25,0.42,
6_1_2,"August 3, 2025",6,1,2,2,10,125.5,150.4,144.1,25,0.47,
6_1_3,"August 3, 2025",6,1,3,3,10,124.9,149.8,148.4,25,0.05,
6_2_1,"August 3, 2025",6,2,1,4,10,125,150,148.4,25,0.06,
6_2_2,"August 3, 2025",6,2,2,5,10,125.5,150.6,150,25.1,0.08,
6_2_3,"August 3, 2025",6,2,3,6,10,124.9,149.9,147.1,24.9,0.17,
6_3_1,"August 3, 2025",6,3,1,7,10,124.8,149.7,147.9,25,0.15,
6_3_2,"August 3, 2025",6,3,2,8,10,124.3,149.4,148.8,25.1,0.04,
6_3_3,"August 3, 2025",6,3,3,9,10,125.5,150.5,149.6,25.1,0.06,
6_4_1,"August 3, 2025",6,4,1,10,10,124.8,149.9,141.9,25,0.75,
6_4_2,"August 3, 2025",6,4,2,11,10,124.8,149.7,147.3,25.1,0.18,
6_4_3,"August 3, 2025",6,4,3,12,10,125.5,150.5,148.2,25,0.26,
6_5_1,"August 3, 2025",6,5,1,13,10,124.7,149.7,145.4,24.9,0.52,
6_5_2,"August 3, 2025",6,5,2,14,10,125.5,150.6,147.9,25,0.16,
6_5_3,"August 3, 2025",6,5,3,15,10,124.3,149.3,147,25,0.2,
6_6_1,"August 3, 2025",6,6,1,16,10,124.7,149.7,148,25,0.25,
6_6_2,"August 3, 2025",6,6,2,17,10,124.7,149.7,147.4,25,0.22,
6_6_3,"August 3, 2025",6,6,3,18,10,125,150,148.8,25.1,0.17,
7_1_1,"September 20, 2025",7,1,1,1,10,125.4,150.6,141.4,24.9,0.31,
7_1_2,"September 20, 2025",7,1,2,2,10,125.5,150.5,144.8,24.5,0.25,
7_1_3,"September 20, 2025",7,1,3,3,10,124.9,149.9,145.5,25.3,0.18,
7_2_1,"September 20, 2025",7,2,1,4,10,125,150.1,148.4,24.1,0.1,
7_2_2,"September 20, 2025",7,2,2,5,10,125,149.9,147.8,25.3,0.12,
7_2_3,"September 20, 2025",7,2,3,6,10,124.9,150,147,25.7,0.22,
7_3_1,"September 20, 2025",7,3,1,7,10,124.8,149.8,147,25.1,0.15,
7_3_2,"September 20, 2025",7,3,2,8,10,124.3,149.5,149,24.3,0.04,
7_3_3,"September 20, 2025",7,3,3,9,10,125.5,150.3,149.7,25.4,0.07,
7_4_1,"September 20, 2025",7,4,1,10,10,124.8,149.8,136.6,31.9,0.51,
7_4_2,"September 20, 2025",7,4,2,11,10,124.8,149.8,142.1,25.4,0.32,
7_4_3,"September 20, 2025",7,4,3,12,10,125.5,150.5,146.3,25.2,0.32,
7_5_1,"September 20, 2025",7,5,1,13,10,124.7,149.5,147.1,24.9,0.25,
7_5_2,"September 20, 2025",7,5,2,14,10,125.5,150.5,147,25.7,0.16,
7_5_3,"September 20, 2025",7,5,3,15,10,124.3,145.1,135.4,26.2,0.33,
7_6_1,"September 20, 2025",7,6,1,16,10,124.7,149.7,148.1,24.7,0.18,
7_6_2,"September 20, 2025",7,6,2,17,10,124.7,149.9,148.1,24.4,0.1,
7_6_3,"September 20, 2025",7,6,3,18,10,125,150.1,148.6,25.5,0.07,
3_1_1,"July 12, 2025",3,1,1,1,25,125.6,150.4,147.1,24.7,0.24,5.15
3_1_2,"July 12, 2025",3,1,2,2,25,125.9,150.7,149.3,24.5,0.12,4.22
3_1_3,"July 12, 2025",3,1,3,3,25,125,149.6,148.1,25.8,0.07,4.68
3_2_1,"July 12, 2025",3,2,1,4,25,125.2,150.8,149.8,25.1,0.06,5.15
3_2_2,"July 12, 2025",3,2,2,5,25,125.1,150.3,149.9,26.6,0.04,5.37
3_2_3,"July 12, 2025",3,2,3,6,25,125.8,150.7,149.4,25.4,0.05,5.21
3_3_1,"July 12, 2025",3,3,1,7,25,126.4,151.2,150.1,26.1,0.03,6.25
3_3_2,"July 12, 2025",3,3,2,8,25,128.3,153.6,152.5,25.9,0.02,6.78
3_3_3,"July 12, 2025",3,3,3,9,25,127.2,152.4,151.9,24.3,0.06,5.1
3_4_1,"July 12, 2025",3,4,1,10,25,129.4,149.2,144.4,25.6,0.27,3.89
3_4_2,"July 12, 2025",3,4,2,11,25,128.9,154,149.8,26.1,0.2,3.77
3_4_3,"July 12, 2025",3,4,3,12,25,124.4,149.4,146.8,25,0.18,3.84
3_5_1,"July 12, 2025",3,5,1,13,25,126.8,151.4,149.7,24.8,0.14,4.04
3_5_2,"July 12, 2025",3,5,2,14,25,128.1,153.4,151.4,24.2,0.12,4.46
3_5_3,"July 12, 2025",3,5,3,15,25,128,153.1,150.9,24.7,0.23,3.91
3_6_1,"July 12, 2025",3,6,1,16,25,127.6,152.7,150.8,24.3,0.07,4.66
3_6_2,"July 12, 2025",3,6,2,17,25,127.7,152.3,151.4,25.8,0.07,4.5
3_6_3,"July 12, 2025",3,6,3,18,25,126.2,151.5,150.5,25.3,0.06,5.28
4_1_1,"July 19, 2025",4,1,1,1,25,125.4,150.5,148.9,25.7,0.21,
4_1_2,"July 19, 2025",4,1,2,2,25,125.6,150.4,148.5,25.7,0.15,
4_1_3,"July 19, 2025",4,1,3,3,25,125,149.6,148.5,25.3,0.01,
4_2_1,"July 19, 2025",4,2,1,4,25,125,150.1,149.2,25.3,0.03,
4_2_2,"July 19, 2025",4,2,2,5,25,125.5,150.6,149.8,25.4,0.04,
4_2_3,"July 19, 2025",4,2,3,6,25,125,150.1,148.9,25.2,0.02,
4_3_1,"July 19, 2025",4,3,1,7,25,124.8,150.4,149.4,25.8,0.03,
4_3_2,"July 19, 2025",4,3,2,8,25,124.3,149.5,149.1,25,0.02,
4_3_3,"July 19, 2025",4,3,3,9,25,125.5,150.4,149.8,24.9,0.04,
4_4_1,"July 19, 2025",4,4,1,10,25,124.8,149.8,147.2,24.8,0.07,
4_4_2,"July 19, 2025",4,4,2,11,25,124.8,150.9,148.5,24.4,0.09,
4_4_3,"July 19, 2025",4,4,3,12,25,125.6,150.3,148.8,25.8,0.11,
4_5_1,"July 19, 2025",4,5,1,13,25,124.7,150.3,148.1,24.7,0.11,
4_5_2,"July 19, 2025",4,5,2,14,25,125.5,150.2,147.6,25.1,0.1,
4_5_3,"July 19, 2025",4,5,3,15,25,124.4,149.3,148.2,24.9,0.12,
4_6_1,"July 19, 2025",4,6,1,16,25,124.7,150.4,148.9,25.2,0.04,
4_6_2,"July 19, 2025",4,6,2,17,25,124.7,149.6,148.3,25.1,0.05,
4_6_3,"July 19, 2025",4,6,3,18,25,125,150.1,148.7,24.8,0.07,
5_1_1,"July 29, 2025",5,1,1,1,25,125.6,150.7,148.3,24.7,0.29,4.68
5_1_2,"July 29, 2025",5,1,2,2,25,125.9,150.2,146.9,25.1,0.19,4
5_1_3,"July 29, 2025",5,1,3,3,25,125,150.1,148.3,26.3,0.04,4.68
5_2_1,"July 29, 2025",5,2,1,4,25,125.2,149.4,148.3,25.2,0.03,5.17
5_2_2,"July 29, 2025",5,2,2,5,25,125.1,150.1,149.6,23.6,0.04,5.21
5_2_3,"July 29, 2025",5,2,3,6,25,125.8,150.2,149,26.9,0.03,4.82
5_3_1,"July 29, 2025",5,3,1,7,25,126.4,150.6,149.7,24.5,0.03,5.26
5_3_2,"July 29, 2025",5,3,2,8,25,128.3,151.8,150.8,26.3,0.01,6
5_3_3,"July 29, 2025",5,3,3,9,25,127.3,153.6,152.7,26.1,0.05,4.66
5_4_1,"July 29, 2025",5,4,1,10,25,129.5,154.8,152.4,25.1,0.11,4.42
5_4_2,"July 29, 2025",5,4,2,11,25,128.9,147.8,139.8,25.7,0.23,3.8
5_4_3,"July 29, 2025",5,4,3,12,25,124.4,149.8,148.3,27.3,0.11,4.38
5_5_1,"July 29, 2025",5,5,1,13,25,126.9,152.4,150.9,24.4,0.09,4.33
5_5_2,"July 29, 2025",5,5,2,14,25,128.1,154,152.6,26.5,0.14,4.26
5_5_3,"July 29, 2025",5,5,3,15,25,128,152.3,148.5,26.2,0.22,3.71
5_6_1,"July 29, 2025",5,6,1,16,25,127.6,152.7,151.2,25.1,0.05,5.43
5_6_2,"July 29, 2025",5,6,2,17,25,127.7,153,151.9,26.2,0.04,5.32
5_6_3,"July 29, 2025",5,6,3,18,25,126.2,153.9,153.1,24.4,0.12,4.82
6_1_1,"August 3, 2025",6,1,1,1,25,125.4,150.4,146.9,26.4,0.36,4.74
6_1_2,"August 3, 2025",6,1,2,2,25,125.5,149.9,148.3,23.8,0.17,4.35
6_1_3,"August 3, 2025",6,1,3,3,25,124.9,149.5,147.6,26.3,0.05,4.64
6_2_1,"August 3, 2025",6,2,1,4,25,125,150.4,149.4,26.6,0.01,5.34
6_2_2,"August 3, 2025",6,2,2,5,25,125.5,151,150.3,23.8,0.03,4.66
6_2_3,"August 3, 2025",6,2,3,6,25,124.9,150.5,149.2,25.5,0.03,4.64
6_3_1,"August 3, 2025",6,3,1,7,25,124.8,149.9,149,24,0.03,5.06
6_3_2,"August 3, 2025",6,3,2,8,25,124.3,149,148.4,27.7,0.01,5.45
6_3_3,"August 3, 2025",6,3,3,9,25,125.5,150.4,149.8,24.6,0.03,5.19
6_4_1,"August 3, 2025",6,4,1,10,25,124.8,149.9,146.1,27.2,0.09,4.55
6_4_2,"August 3, 2025",6,4,2,11,25,124.8,149.7,147.5,24,0.05,4.73
6_4_3,"August 3, 2025",6,4,3,12,25,125.5,150.6,149.3,26.4,0.05,4.64
6_5_1,"August 3, 2025",6,5,1,13,25,124.7,149.7,148.7,23.6,0.06,4.5
6_5_2,"August 3, 2025",6,5,2,14,25,125.5,150.1,147.8,24.8,0.09,4.35
6_5_3,"August 3, 2025",6,5,3,15,25,124.4,149.6,148,24,0.13,4.06
6_6_1,"August 3, 2025",6,6,1,16,25,124.7,149.7,148.3,26.6,0.06,4.5
6_6_2,"August 3, 2025",6,6,2,17,25,124.7,149.5,147.4,24.4,0.1,4.23
6_6_3,"August 3, 2025",6,6,3,18,25,125,150,148.7,24.8,0.08,4.82
7_1_1,"September 20, 2025",7,1,1,1,25,125.6,154.9,147.9,18.3,0.62,5.02
7_1_2,"September 20, 2025",7,1,2,2,25,125.9,151.1,147.6,27.4,0.19,4.38
7_1_3,"September 20, 2025",7,1,3,3,25,124.9,149.1,144.9,22.3,0.07,4.49
7_2_1,"September 20, 2025",7,2,1,4,25,125.2,149.8,148.7,26.2,0.04,5.41
7_2_2,"September 20, 2025",7,2,2,5,25,125.1,150.1,149.1,27.8,0.05,4.67
7_2_3,"September 20, 2025",7,2,3,6,25,125.8,150.4,149.4,25.1,0.04,4.75
7_3_1,"September 20, 2025",7,3,1,7,25,126.4,151.1,149.2,25.2,0.04,5.68
7_3_2,"September 20, 2025",7,3,2,8,25,128.3,153,151.9,24.2,0.04,5.48
7_3_3,"September 20, 2025",7,3,3,9,25,127.2,152,151.3,24.4,0.06,5.02
7_4_1,"September 20, 2025",7,4,1,10,25,129.4,154.9,149.9,25.8,0.24,4.12
7_4_2,"September 20, 2025",7,4,2,11,25,128.9,155.2,152.1,24.7,0.16,4.25
7_4_3,"September 20, 2025",7,4,3,12,25,124.4,149.5,147.5,25.6,0.13,4.31
7_5_1,"September 20, 2025",7,5,1,13,25,126.8,151.3,150,24.4,0.11,4.3
7_5_2,"September 20, 2025",7,5,2,14,25,128.1,150.9,149.1,23.4,0.12,4.66
7_5_3,"September 20, 2025",7,5,3,15,25,128,154.9,153,24.4,0.11,4.29
7_6_1,"September 20, 2025",7,6,1,16,25,127.6,153.5,151.5,20.9,0.14,4.62
7_6_2,"September 20, 2025",7,6,2,17,25,127.7,153.8,152.2,25,0.06,4.8
7_6_3,"September 20, 2025",7,6,3,18,25,126.2,152.4,150.9,24.8,0.07,4.99